pde,depth,width,activation,learning_rate,adam_beta2,adam_epochs,lbfgs_iters,grid_size,la_bc,adam_final_rrmse,final_rrmse,adam_time,lbfgs_time,training_time,seed
pde1,2,10,sin,0.05,0.9,80000,200,100,1.0,0.022302430123090744,0.000630142109002918,25943.258187055588,41.09817838668823,25984.356365442276,42
pde1,2,10,sin,0.005,0.9,80000,200,100,1.0,1.1125460863113403,1.11262047290802,31055.26816058159,51.35664248466492,31106.624803066254,42
pde1,2,10,sin,0.0005,0.9,80000,200,100,1.0,1.1131584644317627,1.113182544708252,30292.922107458115,77.43042278289795,30370.352530241013,42
pde1,2,10,sin,5e-05,0.9,80000,200,100,1.0,1.1147736310958862,1.1147574186325073,24997.058124542236,98.5560691356659,25095.614193677902,42
pde1,2,10,swish,0.05,0.9,80000,200,100,1.0,0.9368926882743835,0.9287183880805969,31884.06108903885,52.32135057449341,31936.382439613342,42
pde1,2,10,swish,0.005,0.9,80000,200,100,1.0,0.9199812412261963,0.9197562336921692,31614.491184473038,35.53064513206482,31650.021829605103,42
pde1,2,10,swish,0.0005,0.9,80000,200,100,1.0,1.0578516721725464,1.0578304529190063,31161.49956512451,44.26159477233887,31205.76115989685,42
pde1,2,10,swish,5e-05,0.9,80000,200,100,1.0,1.0956259965896606,1.0956522226333618,29839.308846712112,50.05805444717407,29889.366901159286,42
pde1,2,10,tanh,0.05,0.9,80000,200,100,1.0,0.8303037285804749,0.8080847263336182,27104.599940776825,192.9806525707245,27297.58059334755,42
pde1,2,10,tanh,0.005,0.9,80000,200,100,1.0,0.7952289581298828,0.7957321405410767,23451.67026257515,125.98600912094116,23577.65627169609,42
pde1,2,10,tanh,0.0005,0.9,80000,200,100,1.0,0.9491449594497681,0.9491449594497681,30650.847296476364,59.63246750831604,30710.47976398468,42
pde1,2,10,tanh,5e-05,0.9,80000,200,100,1.0,1.0670576095581055,1.067064881324768,26494.283472299576,63.10503101348877,26557.388503313065,42
pde1,2,50,sin,0.05,0.9,80000,200,100,1.0,0.051077958196401596,0.0007189526222646236,12813.79015827179,82.54434156417847,12896.334499835968,42
pde1,2,50,sin,0.005,0.9,80000,200,100,1.0,1.069464921951294,0.01731601357460022,6147.845087766647,1698.172467470169,7846.017555236816,42
pde1,2,50,sin,0.0005,0.9,80000,200,100,1.0,1.0828460454940796,1.0825331211090088,27884.396560430527,449.78357577323914,28334.180136203766,42
pde1,2,50,sin,5e-05,0.9,80000,200,100,1.0,1.111485242843628,1.111467957496643,20503.54001879692,262.4475862979889,20765.98760509491,42
pde1,2,50,swish,0.05,0.9,80000,200,100,1.0,0.9018862843513489,0.8210887312889099,5480.16192317009,747.414605140686,6227.576528310776,42
pde1,2,50,swish,0.005,0.9,80000,200,100,1.0,0.9308218359947205,0.9313668608665466,5954.576194763184,125.98971486091614,6080.5659096241,42
pde1,2,50,swish,0.0005,0.9,80000,200,100,1.0,0.9501075148582458,0.9502835869789124,5709.207617282867,101.08118033409119,5810.288797616959,42
pde1,2,50,swish,5e-05,0.9,80000,200,100,1.0,1.0810091495513916,1.081042766571045,7438.212488889694,135.86384677886963,7574.076335668564,42
pde1,2,50,tanh,0.05,0.9,80000,200,100,1.0,0.7436213493347168,0.737422525882721,4220.0605454444885,369.15500140190125,4589.21554684639,42
pde1,2,50,tanh,0.005,0.9,80000,200,100,1.0,0.8397719264030457,0.7702087759971619,7473.960397005081,539.657644033432,8013.618041038513,42
pde1,2,50,tanh,0.0005,0.9,80000,200,100,1.0,0.8971625566482544,0.8973758816719055,9054.772731781006,211.12950778007507,9265.902239561081,42
pde1,2,50,tanh,5e-05,0.9,80000,200,100,1.0,1.065516471862793,1.065575361251831,6525.306880950928,115.91948008537292,6641.226361036301,42
pde1,5,10,sin,0.05,0.9,80000,200,100,1.0,0.15543226897716522,0.008819553069770336,60709.83709049225,82.93536114692688,60792.772451639175,42
pde1,5,10,sin,0.005,0.9,80000,200,100,1.0,0.03614915907382965,0.004109361674636602,10974.602967739105,122.75607061386108,11097.359038352966,42
pde1,5,10,sin,0.0005,0.9,80000,200,100,1.0,0.020887529477477074,0.020652802661061287,61128.39530944824,11.376298666000366,61139.77160811424,42
pde1,5,10,sin,5e-05,0.9,80000,200,100,1.0,0.01959243416786194,0.019535666331648827,6319.008847475052,107.01806855201721,6426.026916027069,42
pde1,5,10,swish,0.05,0.9,80000,200,100,1.0,0.1858425885438919,0.014326898381114006,8291.3467066288,395.268262386322,8686.614969015121,42
pde1,5,10,swish,0.005,0.9,80000,200,100,1.0,0.04228021577000618,0.015101604163646698,5134.866760015488,195.12671661376953,5329.993476629257,42
pde1,5,10,swish,0.0005,0.9,80000,200,100,1.0,0.648127019405365,0.6482827663421631,3778.833834886551,64.72999143600464,3843.5638263225555,42
pde1,5,10,swish,5e-05,0.9,80000,200,100,1.0,0.7004373669624329,0.7004101276397705,3731.895114183426,51.08972096443176,3782.9848351478577,42
pde1,5,10,tanh,0.05,0.9,80000,200,100,1.0,0.5845140814781189,0.5641574263572693,15696.404268980026,1115.2016952037811,16811.605964183807,42
pde1,5,10,tanh,0.005,0.9,80000,200,100,1.0,0.04199329763650894,0.0300910621881485,61285.92163324356,9.907294511795044,61295.828927755356,42
pde1,5,10,tanh,0.0005,0.9,80000,200,100,1.0,0.05616369470953941,0.05612945556640625,39638.00462269783,164.82185864448547,39802.826481342316,42
pde1,5,10,tanh,5e-05,0.9,80000,200,100,1.0,0.694035530090332,0.6940422058105469,26457.327729701996,195.58653378486633,26652.914263486862,42
pde1,5,50,sin,0.05,0.9,80000,200,100,1.0,0.9902812838554382,0.08284531533718109,5566.031895637512,339.9473776817322,5905.979273319244,42
pde1,5,50,sin,0.005,0.9,80000,200,100,1.0,0.04190481826663017,0.0010136383352801204,8448.944119691849,107.75105476379395,8556.695174455643,42
pde1,5,50,sin,0.0005,0.9,80000,200,100,1.0,0.04354269802570343,0.021262185648083687,4102.314816474915,224.25276517868042,4326.567581653595,42
pde1,5,50,sin,5e-05,0.9,80000,200,100,1.0,0.009285175241529942,0.008937465026974678,14171.408593416214,269.90454387664795,14441.313137292862,42
pde1,5,50,swish,0.05,0.9,80000,200,100,1.0,1.000000238418579,1.0,5395.681967020035,11.437130451202393,5407.119097471237,42
pde1,5,50,swish,0.005,0.9,80000,200,100,1.0,0.04978015646338463,0.006804186385124922,4393.704999446869,77.87417364120483,4471.579173088074,42
pde1,5,50,swish,0.0005,0.9,80000,200,100,1.0,0.06148897856473923,0.053302958607673645,4316.31457400322,142.73523354530334,4459.049807548523,42
pde1,5,50,swish,5e-05,0.9,80000,200,100,1.0,0.7084551453590393,0.7084959149360657,5207.660322904587,94.34446930885315,5302.00479221344,42
pde1,5,50,tanh,0.05,0.9,80000,200,100,1.0,1.0059144496917725,1.0,7442.458513021469,22.492042064666748,7464.950555086136,42
pde1,5,50,tanh,0.005,0.9,80000,200,100,1.0,0.06118450313806534,0.02298443764448166,5708.2330327034,87.87365865707397,5796.106691360474,42
pde1,5,50,tanh,0.0005,0.9,80000,200,100,1.0,0.029311859980225563,0.011003846302628517,12831.208439588547,374.62967443466187,13205.838114023209,42
pde1,5,50,tanh,5e-05,0.9,80000,200,100,1.0,0.015085858292877674,0.015130333602428436,3181.266193151474,20.29254412651062,3201.5587372779846,42
pde2,2,10,sin,0.05,0.9,80000,200,100,1.0,0.2205510139465332,0.18178091943264008,29856.75784111023,566.7560584545135,30423.513899564743,42
pde2,2,10,sin,0.005,0.9,80000,200,100,1.0,0.10702686756849289,0.10654100775718689,32254.600353717804,9.021551132202148,32263.621904850006,42
pde2,2,10,sin,0.0005,0.9,80000,200,100,1.0,0.975532591342926,0.9752625226974487,14810.901041269302,34.28089952468872,14845.181940793991,42
pde2,2,10,sin,5e-05,0.9,80000,200,100,1.0,0.9744526147842407,0.9744297862052917,19392.205302238464,276.52024245262146,19668.725544691086,42
pde2,2,10,swish,0.05,0.9,80000,200,100,1.0,0.08845685422420502,0.036746278405189514,32995.88339662552,28.196038722991943,33024.07943534851,42
pde2,2,10,swish,0.005,0.9,80000,200,100,1.0,0.9771043062210083,0.974608302116394,24825.04001402855,221.10543298721313,25046.145447015762,42
pde2,2,10,swish,0.0005,0.9,80000,200,100,1.0,0.28116387128829956,0.1874718964099884,25913.10629272461,240.03685855865479,26153.143151283264,42
pde2,2,10,swish,5e-05,0.9,80000,200,100,1.0,0.9750274419784546,0.9750413298606873,28538.248695611954,77.5042200088501,28615.752915620804,42
pde2,2,10,tanh,0.05,0.9,80000,200,100,1.0,0.9937939643859863,0.9922798871994019,30371.077778100967,148.5150933265686,30519.592871427536,42
pde2,2,10,tanh,0.005,0.9,80000,200,100,1.0,0.04652003198862076,0.04725366458296776,30804.321066856384,17.44300413131714,30821.7640709877,42
pde2,2,10,tanh,0.0005,0.9,80000,200,100,1.0,0.039688192307949066,0.039849963039159775,29050.569825172424,9.617591142654419,29060.18741631508,42
pde2,2,10,tanh,5e-05,0.9,80000,200,100,1.0,0.06761161983013153,0.06757272779941559,32169.73645758629,3.8644394874572754,32173.600897073746,42
pde2,2,50,sin,0.05,0.9,80000,200,100,1.0,0.9803154468536377,0.9766071438789368,12400.295869588852,489.84636783599854,12890.14223742485,42
pde2,2,50,sin,0.005,0.9,80000,200,100,1.0,0.18913885951042175,0.09436407685279846,17042.968188762665,1185.6281077861786,18228.596296548843,42
pde2,2,50,sin,0.0005,0.9,80000,200,100,1.0,0.9781290888786316,0.9770821332931519,33197.89084148407,157.2421293258667,33355.13297080994,42
pde2,2,50,sin,5e-05,0.9,80000,200,100,1.0,0.9736195802688599,0.9737370610237122,25780.23716902733,46.80473732948303,25827.04190635681,42
pde2,2,50,swish,0.05,0.9,80000,200,100,1.0,0.2569243609905243,0.07337133586406708,10265.379544734955,2205.1464428901672,12470.525987625122,42
pde2,2,50,swish,0.005,0.9,80000,200,100,1.0,0.14769020676612854,0.06474075466394424,17846.60668849945,2149.641770839691,19996.248459339142,42
pde2,2,50,swish,0.0005,0.9,80000,200,100,1.0,0.9774442911148071,0.9776250720024109,27580.446560144424,348.9564507007599,27929.403010845184,42
pde2,2,50,swish,5e-05,0.9,80000,200,100,1.0,0.9744524955749512,0.9745619893074036,35562.31902241707,8.171513319015503,35570.490535736084,42
pde2,2,50,tanh,0.05,0.9,80000,200,100,1.0,0.9750512838363647,0.9883638620376587,7430.559896230698,338.13747692108154,7768.697373151779,42
pde2,2,50,tanh,0.005,0.9,80000,200,100,1.0,0.975625216960907,0.9715871214866638,23177.107238292694,443.07134795188904,23620.178586244583,42
pde2,2,50,tanh,0.0005,0.9,80000,200,100,1.0,0.19203950464725494,0.05236314609646797,30055.07631635666,2381.3735270500183,32436.449843406677,42
pde2,2,50,tanh,5e-05,0.9,80000,200,100,1.0,0.9716742038726807,0.9716076254844666,16335.35700249672,43.02582001686096,16378.38282251358,42
pde2,5,10,sin,0.05,0.9,80000,200,100,1.0,0.03975658118724823,0.03528616204857826,55657.353868722916,593.0417742729187,56250.395642995834,42
pde2,5,10,sin,0.005,0.9,80000,200,100,1.0,0.006004405673593283,0.0050374954007565975,60413.0079433918,5.013757944107056,60418.02170133591,42
pde2,5,10,sin,0.0005,0.9,80000,200,100,1.0,0.02419421076774597,0.024059763178229332,60713.23758935928,2.6616263389587402,60715.89921569824,42
pde2,5,10,sin,5e-05,0.9,80000,200,100,1.0,0.022538810968399048,0.02255016192793846,12632.406262874603,30.853026866912842,12663.259289741516,42
pde2,5,10,swish,0.05,0.9,80000,200,100,1.0,0.028689760714769363,0.025812502950429916,26511.22812771797,227.08615112304688,26738.31427884102,42
pde2,5,10,swish,0.005,0.9,80000,200,100,1.0,0.014293079264461994,0.014390467666089535,9259.855612277985,27.41944408416748,9287.275056362152,42
pde2,5,10,swish,0.0005,0.9,80000,200,100,1.0,0.039247624576091766,0.03952229395508766,5648.84956908226,15.245094776153564,5664.094663858414,42
pde2,5,10,swish,5e-05,0.9,80000,200,100,1.0,0.08995745331048965,0.08988864719867706,14090.375826120377,22.27952218055725,14112.655348300934,42
pde2,5,10,tanh,0.05,0.9,80000,200,100,1.0,0.041917718946933746,0.018189284950494766,60319.722694158554,24.766366004943848,60344.4890601635,42
pde2,5,10,tanh,0.005,0.9,80000,200,100,1.0,0.007824840024113655,0.008040092885494232,38342.009491443634,60.71351170539856,38402.72300314903,42
pde2,5,10,tanh,0.0005,0.9,80000,200,100,1.0,0.13352622091770172,0.03707410395145416,57370.92832970619,185.18641257286072,57556.11474227905,42
pde2,5,10,tanh,5e-05,0.9,80000,200,100,1.0,0.7945960760116577,0.03618992492556572,52196.17357993126,564.8902649879456,52761.063844919205,42
pde2,5,50,sin,0.05,0.9,80000,200,100,1.0,0.9882493019104004,0.9858794808387756,7185.288050413132,285.9941506385803,7471.282201051712,42
pde2,5,50,sin,0.005,0.9,80000,200,100,1.0,0.021973133087158203,0.023458212614059448,11377.361021518707,66.63475370407104,11443.995775222778,42
pde2,5,50,sin,0.0005,0.9,80000,200,100,1.0,0.017108440399169922,0.01602424494922161,5632.501788854599,36.11633276939392,5668.618121623993,42
pde2,5,50,sin,5e-05,0.9,80000,200,100,1.0,0.06019067019224167,0.06033026799559593,8654.97544670105,31.65560269355774,8686.631049394608,42
pde2,5,50,swish,0.05,0.9,80000,200,100,1.0,0.9875543117523193,0.9851984977722168,5220.65974521637,15.105175018310547,5235.76492023468,42
pde2,5,50,swish,0.005,0.9,80000,200,100,1.0,0.00274673942476511,0.002110124798491597,5384.592273235321,27.331375122070312,5411.923648357391,42
pde2,5,50,swish,0.0005,0.9,80000,200,100,1.0,0.030025377869606018,0.030504293739795685,4280.470752239227,15.284755945205688,4295.755508184433,42
pde2,5,50,swish,5e-05,0.9,80000,200,100,1.0,0.06120049208402634,0.060993775725364685,4234.05716586113,14.187382936477661,4248.244548797607,42
pde2,5,50,tanh,0.05,0.9,80000,200,100,1.0,0.7076725363731384,0.9851969480514526,17808.42595934868,40.502026081085205,17848.927985429764,42
pde2,5,50,tanh,0.005,0.9,80000,200,100,1.0,0.017200086265802383,0.015522760339081287,12802.570741176605,70.33593559265137,12872.906676769257,42
pde2,5,50,tanh,0.0005,0.9,80000,200,100,1.0,0.021915733814239502,0.02233275957405567,4001.700646877289,18.347167015075684,4020.0478138923645,42
pde2,5,50,tanh,5e-05,0.9,80000,200,100,1.0,0.07239002734422684,0.0719931349158287,3602.6749351024628,14.674189329147339,3617.34912443161,42
pde3,2,10,sin,0.05,0.9,80000,200,100,1.0,0.015068203210830688,0.0008262363262474537,5632.672329902649,395.4467761516571,6028.119106054306,42
pde3,2,10,sin,0.005,0.9,80000,200,100,1.0,0.008231878280639648,0.0012958497973158956,5836.76088643074,290.7554843425751,6127.516370773315,42
pde3,2,10,sin,0.0005,0.9,80000,200,100,1.0,0.0019061585189774632,0.0018494953401386738,6771.600288391113,28.714488983154297,6800.314777374268,42
pde3,2,10,sin,5e-05,0.9,80000,200,100,1.0,0.0022739688865840435,0.0022755449172109365,31415.736090898514,6.813604116439819,31422.549695014954,42
pde3,2,10,swish,0.05,0.9,80000,200,100,1.0,0.07780659943819046,0.0049055651761591434,6487.57031750679,741.712602853775,7229.282920360565,42
pde3,2,10,swish,0.005,0.9,80000,200,100,1.0,0.010451087728142738,0.009067247621715069,29329.041955947876,111.6027557849884,29440.644711732864,42
pde3,2,10,swish,0.0005,0.9,80000,200,100,1.0,0.017349060624837875,0.01721908710896969,25304.25468635559,118.37433552742004,25422.62902188301,42
pde3,2,10,swish,5e-05,0.9,80000,200,100,1.0,0.016507361084222794,0.0059090880677104,6757.806001424789,692.6167135238647,7450.422714948654,42
pde3,2,10,tanh,0.05,0.9,80000,200,100,1.0,0.07585780322551727,0.014063891023397446,12655.25357079506,878.9246435165405,13534.1782143116,42
pde3,2,10,tanh,0.005,0.9,80000,200,100,1.0,0.007317048497498035,0.007456603460013866,7330.177867412567,174.24924993515015,7504.427117347717,42
pde3,2,10,tanh,0.0005,0.9,80000,200,100,1.0,0.022494979202747345,0.022464582696557045,9381.907689094543,36.648356914520264,9418.556046009064,42
pde3,2,10,tanh,5e-05,0.9,80000,200,100,1.0,0.018599897623062134,0.005652872379869223,8889.43492269516,874.5901758670807,9764.02509856224,42
pde3,2,50,sin,0.05,0.9,80000,200,100,1.0,0.014133194461464882,0.0008762679062783718,6050.302500963211,451.24624729156494,6501.548748254776,42
pde3,2,50,sin,0.005,0.9,80000,200,100,1.0,0.020036354660987854,0.005886252038180828,6721.862251996994,330.75525879859924,7052.617510795593,42
pde3,2,50,sin,0.0005,0.9,80000,200,100,1.0,0.004497442860156298,0.004013556521385908,7168.47402715683,134.39817476272583,7302.872201919556,42
pde3,2,50,sin,5e-05,0.9,80000,200,100,1.0,0.005027677398175001,0.00502536678686738,6657.768315553665,118.98401260375977,6776.752328157425,42
pde3,2,50,swish,0.05,0.9,80000,200,100,1.0,0.012752383947372437,0.0012939535081386566,6483.911155223846,969.1404316425323,7453.051586866379,42
pde3,2,50,swish,0.005,0.9,80000,200,100,1.0,0.025758320465683937,0.002528429264202714,6558.814399719238,29.057842254638672,6587.872241973877,42
pde3,2,50,swish,0.0005,0.9,80000,200,100,1.0,0.0024862089194357395,0.0015450576320290565,6193.921664714813,122.08310031890869,6316.004765033722,42
pde3,2,50,swish,5e-05,0.9,80000,200,100,1.0,0.0043873717077076435,0.0010229544714093208,7831.114095449448,373.3351979255676,8204.449293375015,42
pde3,2,50,tanh,0.05,0.9,80000,200,100,1.0,0.06114160269498825,0.001027923310175538,5627.402661323547,875.5449101924896,6502.947571516037,42
pde3,2,50,tanh,0.005,0.9,80000,200,100,1.0,0.017944570630788803,0.0010117366909980774,8335.76954126358,472.62108540534973,8808.39062666893,42
pde3,2,50,tanh,0.0005,0.9,80000,200,100,1.0,0.0015432415530085564,0.0011994487140327692,7142.013725042343,27.963615894317627,7169.977340936661,42
pde3,2,50,tanh,5e-05,0.9,80000,200,100,1.0,0.001346762990579009,0.0013170967577025294,5587.941829204559,17.157021045684814,5605.098850250244,42
pde3,5,10,sin,0.05,0.9,80000,200,100,1.0,0.034707196056842804,0.0003416990803088993,44566.77423477173,588.8366804122925,45155.61091518402,42
pde3,5,10,sin,0.005,0.9,80000,200,100,1.0,0.007298623211681843,0.00039608252700418234,17370.36160826683,312.7052025794983,17683.06681084633,42
pde3,5,10,sin,0.0005,0.9,80000,200,100,1.0,0.0022324759047478437,0.0017029755981639028,56599.31691122055,24.460334539413452,56623.777245759964,42
pde3,5,10,sin,5e-05,0.9,80000,200,100,1.0,0.0011299236211925745,0.0010395344579592347,10812.746480703354,32.60564136505127,10845.352122068405,42
pde3,5,10,swish,0.05,0.9,80000,200,100,1.0,0.028246359899640083,0.0002991271612700075,34899.66212749481,468.2180004119873,35367.8801279068,42
pde3,5,10,swish,0.005,0.9,80000,200,100,1.0,0.003743367735296488,0.0004091737500857562,5045.167809486389,22.719059705734253,5067.886869192123,42
pde3,5,10,swish,0.0005,0.9,80000,200,100,1.0,0.0011647602077573538,0.0005851250025443733,4864.690180301666,14.731290340423584,4879.42147064209,42
pde3,5,10,swish,5e-05,0.9,80000,200,100,1.0,0.001333111198619008,0.0012989018578082323,7727.633747339249,22.28385639190674,7749.917603731155,42
pde3,5,10,tanh,0.05,0.9,80000,200,100,1.0,0.039052870124578476,0.0003910791128873825,58857.2654132843,439.2366454601288,59296.50205874443,42
pde3,5,10,tanh,0.005,0.9,80000,200,100,1.0,0.005323059856891632,0.00035003150696866214,60043.32444238663,68.21461987495422,60111.53906226158,42
pde3,5,10,tanh,0.0005,0.9,80000,200,100,1.0,0.001930143916979432,0.0014650295488536358,4908.329013824463,22.093942403793335,4930.422956228256,42
pde3,5,10,tanh,5e-05,0.9,80000,200,100,1.0,0.0015291031450033188,0.0015200584894046187,27448.38246846199,37.310322284698486,27485.69279074669,42
pde3,5,50,sin,0.05,0.9,80000,200,100,1.0,1.0152487754821777,0.006876569241285324,5291.0016758441925,366.37596797943115,5657.377643823624,42
pde3,5,50,sin,0.005,0.9,80000,200,100,1.0,0.005615599453449249,0.0004853465361520648,5702.954674959183,122.3105993270874,5825.26527428627,42
pde3,5,50,sin,0.0005,0.9,80000,200,100,1.0,0.004962451756000519,0.0009077070280909538,3954.5461909770966,97.15475392341614,4051.7009449005127,42
pde3,5,50,sin,5e-05,0.9,80000,200,100,1.0,0.0019390941597521305,0.0018387539312243462,3940.486582994461,14.357764959335327,3954.8443479537964,42
pde3,5,50,swish,0.05,0.9,80000,200,100,1.0,0.017292901873588562,0.0004080854414496571,4371.38618350029,184.86037230491638,4556.246555805206,42
pde3,5,50,swish,0.005,0.9,80000,200,100,1.0,0.007533961441367865,0.00017198918794747442,4161.461714982986,48.12700963020325,4209.58872461319,42
pde3,5,50,swish,0.0005,0.9,80000,200,100,1.0,0.0032627852633595467,0.00020635568944271654,10105.550669670105,31.187817573547363,10136.738487243652,42
pde3,5,50,swish,5e-05,0.9,80000,200,100,1.0,0.0008039479143917561,0.0001462840154999867,16837.33598947525,106.74921655654907,16944.0852060318,42
pde3,5,50,tanh,0.05,0.9,80000,200,100,1.0,0.9789519309997559,0.001159030245617032,3202.3003063201904,376.49988889694214,3578.8001952171326,42
pde3,5,50,tanh,0.005,0.9,80000,200,100,1.0,0.014881632290780544,0.00031912856502458453,6903.154229879379,131.48775577545166,7034.641985654831,42
pde3,5,50,tanh,0.0005,0.9,80000,200,100,1.0,0.009819328784942627,0.00026119136600755155,8062.58412694931,65.7202558517456,8128.304382801056,42
pde3,5,50,tanh,5e-05,0.9,80000,200,100,1.0,0.0010760972509160638,0.0009556871373206377,7826.080761432648,27.626526594161987,7853.70728802681,42
pde4,2,10,sin,0.05,0.9,80000,200,100,1.0,0.013080264441668987,0.0003094705461990088,14376.679343700409,111.19627571105957,14487.875619411469,42
pde4,2,10,sin,0.005,0.9,80000,200,100,1.0,0.5209707617759705,0.5211339592933655,32469.216243505478,22.027704000473022,32491.24394750595,42
pde4,2,10,sin,0.0005,0.9,80000,200,100,1.0,0.5282515287399292,0.48905235528945923,23911.458514928818,1194.16677069664,25105.625285625458,42
pde4,2,10,sin,5e-05,0.9,80000,200,100,1.0,0.6233035326004028,0.5638361573219299,14867.869256019592,224.93624472618103,15092.805500745773,42
pde4,2,10,swish,0.05,0.9,80000,200,100,1.0,0.5175647139549255,0.4469730257987976,28009.11610031128,472.2002992630005,28481.31639957428,42
pde4,2,10,swish,0.005,0.9,80000,200,100,1.0,0.6069239377975464,0.6053820252418518,9890.650007009506,186.06742310523987,10076.717430114746,42
pde4,2,10,swish,0.0005,0.9,80000,200,100,1.0,0.5224844217300415,0.48400792479515076,12553.181786298752,392.6537606716156,12945.835546970367,42
pde4,2,10,swish,5e-05,0.9,80000,200,100,1.0,0.7380244731903076,0.44448235630989075,29139.87036395073,869.0739152431488,30008.944279193878,42
pde4,2,10,tanh,0.05,0.9,80000,200,100,1.0,0.27259278297424316,0.28224191069602966,31492.989281654358,122.93541669845581,31615.924698352814,42
pde4,2,10,tanh,0.005,0.9,80000,200,100,1.0,0.4742429852485657,0.4470086991786957,21559.644774198532,501.3123469352722,22060.957121133804,42
pde4,2,10,tanh,0.0005,0.9,80000,200,100,1.0,0.47367894649505615,0.4456765949726105,32211.645570516586,83.89906978607178,32295.544640302658,42
pde4,2,10,tanh,5e-05,0.9,80000,200,100,1.0,0.4890001118183136,0.4890006482601166,17242.870678663254,339.33962655067444,17582.21030521393,42
pde4,2,50,sin,0.05,0.9,80000,200,100,1.0,0.5242992639541626,0.521036684513092,13886.29333615303,258.8469581604004,14145.14029431343,42
pde4,2,50,sin,0.005,0.9,80000,200,100,1.0,0.5215590596199036,0.0014260764000937343,19410.591952562332,916.7610943317413,20327.353046894073,42
pde4,2,50,sin,0.0005,0.9,80000,200,100,1.0,0.5271742343902588,0.5273774862289429,13827.902115821838,40.62385654449463,13868.525972366333,42
pde4,2,50,sin,5e-05,0.9,80000,200,100,1.0,0.5879790186882019,0.5880197286605835,19436.434237718582,460.9228436946869,19897.35708141327,42
pde4,2,50,swish,0.05,0.9,80000,200,100,1.0,0.4955284595489502,0.46223941445350647,6354.505682229996,356.6447570323944,6711.15043926239,42
pde4,2,50,swish,0.005,0.9,80000,200,100,1.0,0.5137222409248352,0.38605257868766785,7000.791973590851,2045.3634214401245,9046.155395030975,42
pde4,2,50,swish,0.0005,0.9,80000,200,100,1.0,0.5324051976203918,0.36017632484436035,6388.190594673157,2077.89137506485,8466.081969738007,42
pde4,2,50,swish,5e-05,0.9,80000,200,100,1.0,0.6635655164718628,0.4392883777618408,7771.552525520325,886.1384105682373,8657.690936088562,42
pde4,2,50,tanh,0.05,0.9,80000,200,100,1.0,0.28192976117134094,0.23861703276634216,6459.104872703552,335.6839818954468,6794.788854598999,42
pde4,2,50,tanh,0.005,0.9,80000,200,100,1.0,0.4352337419986725,0.17980365455150604,7347.271078109741,2111.89763712883,9459.168715238571,42
pde4,2,50,tanh,0.0005,0.9,80000,200,100,1.0,0.4708460867404938,0.21838094294071198,5737.318840503693,1655.9557659626007,7393.274606466293,42
pde4,2,50,tanh,5e-05,0.9,80000,200,100,1.0,0.49426788091659546,0.49428465962409973,6199.902594089508,103.02488970756531,6302.927483797073,42
pde4,5,10,sin,0.05,0.9,80000,200,100,1.0,0.46013399958610535,0.20283213257789612,60227.2756357193,141.18869471549988,60368.4643304348,42
pde4,5,10,sin,0.005,0.9,80000,200,100,1.0,0.33075079321861267,0.12888388335704803,58700.31009340286,999.8035960197449,59700.11368942261,42
pde4,5,10,sin,0.0005,0.9,80000,200,100,1.0,0.3088340163230896,0.25064370036125183,56791.770455121994,1145.2648403644562,57937.03529548645,42
pde4,5,10,sin,5e-05,0.9,80000,200,100,1.0,0.4803272783756256,0.4803163707256317,59471.17235684395,89.00500965118408,59560.17736649513,42
pde4,5,10,swish,0.05,0.9,80000,200,100,1.0,0.37770816683769226,0.20050659775733948,14161.782142400742,1712.0260384082794,15873.808180809021,42
pde4,5,10,swish,0.005,0.9,80000,200,100,1.0,0.34477126598358154,0.2654670774936676,8262.708715677261,1338.7424340248108,9601.451149702072,42
pde4,5,10,swish,0.0005,0.9,80000,200,100,1.0,0.4913751780986786,0.49162665009498596,8538.118265628815,160.2406623363495,8698.358927965164,42
pde4,5,10,swish,5e-05,0.9,80000,200,100,1.0,0.48956388235092163,0.4895789623260498,5975.766855955124,89.84175777435303,6065.608613729477,42
pde4,5,10,tanh,0.05,0.9,80000,200,100,1.0,0.5049450993537903,0.2453187108039856,6557.539107561111,542.1249995231628,7099.664107084274,42
pde4,5,10,tanh,0.005,0.9,80000,200,100,1.0,0.32588326930999756,0.1851181983947754,4134.005519390106,929.9846334457397,5063.990152835846,42
pde4,5,10,tanh,0.0005,0.9,80000,200,100,1.0,0.4722638428211212,0.3484855890274048,3997.833543777466,987.249757528305,4985.083301305771,42
pde4,5,10,tanh,5e-05,0.9,80000,200,100,1.0,0.5085745453834534,0.5086249709129333,3951.588982105255,60.782681703567505,4012.3716638088226,42
pde4,5,50,sin,0.05,0.9,80000,200,100,1.0,1.078886866569519,1.001150131225586,7326.963050127029,388.43444180488586,7715.397491931915,42
pde4,5,50,sin,0.005,0.9,80000,200,100,1.0,0.31808027625083923,0.08658511936664581,24131.751794815063,1773.619201183319,25905.370995998383,42
pde4,5,50,sin,0.0005,0.9,80000,200,100,1.0,0.27543073892593384,0.02119942381978035,22060.109642267227,2232.5365064144135,24292.64614868164,42
pde4,5,50,sin,5e-05,0.9,80000,200,100,1.0,0.21309633553028107,0.03427635505795479,3997.720288991928,769.3833246231079,4767.103613615036,42
pde4,5,50,swish,0.05,0.9,80000,200,100,1.0,0.44654130935668945,0.2060321420431137,14442.327424764633,1404.9071261882782,15847.234550952911,42
pde4,5,50,swish,0.005,0.9,80000,200,100,1.0,0.2543085813522339,0.12080712616443634,36807.80888295174,2180.9790709018707,38988.78795385361,42
pde4,5,50,swish,0.0005,0.9,80000,200,100,1.0,0.43790918588638306,0.16707023978233337,4967.387120008469,839.5697379112244,5806.956857919693,42
pde4,5,50,swish,5e-05,0.9,80000,200,100,1.0,0.4856996238231659,0.4856908619403839,25630.68763256073,178.0653874874115,25808.75302004814,42
pde4,5,50,tanh,0.05,0.9,80000,200,100,1.0,1.0293000936508179,1.0865792036056519,6365.56476020813,17.77294945716858,6383.3377096652985,42
pde4,5,50,tanh,0.005,0.9,80000,200,100,1.0,0.2908305525779724,0.11538989841938019,6623.083449840546,871.0285470485687,7494.111996889114,42
pde4,5,50,tanh,0.0005,0.9,80000,200,100,1.0,0.2592158615589142,0.15830020606517792,3343.845095396042,588.4475402832031,3932.292635679245,42
pde4,5,50,tanh,5e-05,0.9,80000,200,100,1.0,0.29315832257270813,0.12478027492761612,5662.316950559616,889.454776763916,6551.771727323532,42
pde5,2,10,sin,0.05,0.9,80000,200,100,1.0,0.5061153173446655,0.5062063336372375,33137.55847120285,7.290830373764038,33144.849301576614,42
pde5,2,10,sin,0.005,0.9,80000,200,100,1.0,0.4872337877750397,0.4864429533481598,16539.27585554123,327.9324893951416,16867.20834493637,42
pde5,2,10,sin,0.0005,0.9,80000,200,100,1.0,0.4893501400947571,0.4893038868904114,27403.308962106705,83.80616974830627,27487.11513185501,42
pde5,2,10,sin,5e-05,0.9,80000,200,100,1.0,0.5384485721588135,0.5113166570663452,23792.461102247238,455.8152174949646,24248.276319742203,42
pde5,2,10,swish,0.05,0.9,80000,200,100,1.0,0.48772260546684265,0.4776303172111511,22393.204529762268,432.7909502983093,22825.995480060577,42
pde5,2,10,swish,0.005,0.9,80000,200,100,1.0,0.49157264828681946,0.4927552044391632,9564.256912708282,120.76831316947937,9685.025225877762,42
pde5,2,10,swish,0.0005,0.9,80000,200,100,1.0,0.4673345685005188,0.4672178626060486,12521.663193941116,164.81333827972412,12686.47653222084,42
pde5,2,10,swish,5e-05,0.9,80000,200,100,1.0,0.5296717286109924,0.5296807885169983,29397.11408305168,88.27871036529541,29485.392793416977,42
pde5,2,10,tanh,0.05,0.9,80000,200,100,1.0,0.4547511041164398,0.4474234879016876,32436.7991065979,54.17868661880493,32490.977793216705,42
pde5,2,10,tanh,0.005,0.9,80000,200,100,1.0,0.2254851758480072,0.22526578605175018,32653.550159215927,11.150230646133423,32664.70038986206,42
pde5,2,10,tanh,0.0005,0.9,80000,200,100,1.0,0.4368828535079956,0.43694600462913513,32848.51198506355,8.662071943283081,32857.174057006836,42
pde5,2,10,tanh,5e-05,0.9,80000,200,100,1.0,0.47122710943222046,0.4712255001068115,27040.860686302185,118.50771236419678,27159.368398666382,42
pde5,2,50,sin,0.05,0.9,80000,200,100,1.0,0.5059759020805359,0.5063155293464661,5290.654695749283,271.6719033718109,5562.326599121094,42
pde5,2,50,sin,0.005,0.9,80000,200,100,1.0,0.4740830957889557,0.47425031661987305,4999.647786140442,106.62352418899536,5106.271310329437,42
pde5,2,50,sin,0.0005,0.9,80000,200,100,1.0,0.5147567987442017,0.5148446559906006,6561.553237915039,103.72577834129333,6665.279016256332,42
pde5,2,50,sin,5e-05,0.9,80000,200,100,1.0,0.5864477753639221,0.5864658951759338,4833.224796533585,105.43365573883057,4938.658452272415,42
pde5,2,50,swish,0.05,0.9,80000,200,100,1.0,0.4881668984889984,0.4679299592971802,6638.738332748413,717.6325488090515,7356.370881557465,42
pde5,2,50,swish,0.005,0.9,80000,200,100,1.0,0.45834073424339294,0.4414331018924713,11944.30967593193,323.2449791431427,12267.554655075073,42
pde5,2,50,swish,0.0005,0.9,80000,200,100,1.0,0.4637809991836548,0.4639458954334259,8482.499327421188,166.39323568344116,8648.89256310463,42
pde5,2,50,swish,5e-05,0.9,80000,200,100,1.0,0.5109071135520935,0.37103700637817383,8406.010434150696,924.010062456131,9330.020496606827,42
pde5,2,50,tanh,0.05,0.9,80000,200,100,1.0,0.5185673236846924,0.2452780306339264,7136.248366594315,913.8801853656769,8050.1285519599915,42
pde5,2,50,tanh,0.005,0.9,80000,200,100,1.0,0.20584948360919952,0.20125462114810944,5270.302115678787,544.1144728660583,5814.416588544846,42
pde5,2,50,tanh,0.0005,0.9,80000,200,100,1.0,0.34497180581092834,0.1522219330072403,5932.484680891037,2041.3723998069763,7973.857080698013,42
pde5,2,50,tanh,5e-05,0.9,80000,200,100,1.0,0.465873658657074,0.2358694225549698,5793.049615383148,1835.9475407600403,7628.9971561431885,42
pde5,5,10,sin,0.05,0.9,80000,200,100,1.0,0.31176844239234924,0.26191771030426025,3590.033822774887,938.1670706272125,4528.2008934021,42
pde5,5,10,sin,0.005,0.9,80000,200,100,1.0,0.10163801908493042,0.10232481360435486,9896.015684127808,1415.7805285453796,11311.796212673187,42
pde5,5,10,sin,0.0005,0.9,80000,200,100,1.0,0.10731116682291031,0.10085543990135193,3405.0981352329254,1122.0926139354706,4527.190749168396,42
pde5,5,10,sin,5e-05,0.9,80000,200,100,1.0,0.10488688945770264,0.10493537038564682,6480.289292573929,74.57964420318604,6554.868936777115,42
pde5,5,10,swish,0.05,0.9,80000,200,100,1.0,0.29471614956855774,0.28751105070114136,20898.021953821182,1999.3806006908417,22897.402554512024,42
pde5,5,10,swish,0.005,0.9,80000,200,100,1.0,0.09764090925455093,0.07477491348981857,4234.691598176956,1255.048181772232,5489.739779949188,42
pde5,5,10,swish,0.0005,0.9,80000,200,100,1.0,0.1225050762295723,0.10604652017354965,7095.583110809326,1161.071117401123,8256.65422821045,42
pde5,5,10,swish,5e-05,0.9,80000,200,100,1.0,0.12334472686052322,0.12323997914791107,4738.519189834595,65.30831003189087,4803.827499866486,42
pde5,5,10,tanh,0.05,0.9,80000,200,100,1.0,0.4772339165210724,0.44927382469177246,15707.19559931755,1784.604828119278,17491.80042743683,42
pde5,5,10,tanh,0.005,0.9,80000,200,100,1.0,0.007896672934293747,0.016923848539590836,9038.13864684105,796.8555240631104,9834.99417090416,42
pde5,5,10,tanh,0.0005,0.9,80000,200,100,1.0,0.10313809663057327,0.035581450909376144,3368.9196259975433,923.3628952503204,4292.282521247864,42
pde5,5,10,tanh,5e-05,0.9,80000,200,100,1.0,0.10725532472133636,0.09636873751878738,7361.801330566406,1510.9775245189667,8872.778855085373,42
pde5,5,50,sin,0.05,0.9,80000,200,100,1.0,0.9189841747283936,0.11812816560268402,9423.305364847183,727.8180830478668,10151.12344789505,42
pde5,5,50,sin,0.005,0.9,80000,200,100,1.0,0.16902349889278412,0.17092370986938477,2917.534749507904,323.51571583747864,3241.0504653453827,42
pde5,5,50,sin,0.0005,0.9,80000,200,100,1.0,0.1005646288394928,0.10081356018781662,27307.274279356003,1789.4430756568909,29096.717355012894,42
pde5,5,50,sin,5e-05,0.9,80000,200,100,1.0,0.10118647664785385,0.100027896463871,2777.2775106430054,785.1311357021332,3562.4086463451385,42
pde5,5,50,swish,0.05,0.9,80000,200,100,1.0,1.0000054836273193,1.0,6031.673483610153,16.64852499961853,6048.322008609772,42
pde5,5,50,swish,0.005,0.9,80000,200,100,1.0,0.3745115101337433,0.3729948401451111,6528.209857463837,107.12857007980347,6635.33842754364,42
pde5,5,50,swish,0.0005,0.9,80000,200,100,1.0,0.10910362005233765,0.10379704087972641,3298.2591693401337,643.1855614185333,3941.444730758667,42
pde5,5,50,swish,5e-05,0.9,80000,200,100,1.0,0.10496333986520767,0.10491832345724106,3350.45809173584,59.37634253501892,3409.8344342708588,42
pde5,5,50,tanh,0.05,0.9,80000,200,100,1.0,0.6148476600646973,0.3479694426059723,4825.828127145767,182.65403842926025,5008.4821655750275,42
pde5,5,50,tanh,0.005,0.9,80000,200,100,1.0,0.3028584420681,0.30127736926078796,2709.0565659999847,90.30117297172546,2799.35773897171,42
pde5,5,50,tanh,0.0005,0.9,80000,200,100,1.0,0.18241821229457855,0.17863737046718597,26725.739042520523,695.2016162872314,27420.940658807755,42
pde5,5,50,tanh,5e-05,0.9,80000,200,100,1.0,0.09856212884187698,0.10244739800691605,7335.580463409424,656.6948690414429,7992.275332450867,42
pde6,2,10,sin,0.05,0.9,80000,200,100,1.0,0.05320461466908455,0.0003799147962126881,5294.055371522903,165.2362675666809,5459.291639089584,42
pde6,2,10,sin,0.005,0.9,80000,200,100,1.0,0.003416762687265873,0.0007105793338268995,31441.428227186203,13.91061806678772,31455.33884525299,42
pde6,2,10,sin,0.0005,0.9,80000,200,100,1.0,0.005235996097326279,0.004883316811174154,7975.301287412643,26.179511308670044,8001.4807987213135,42
pde6,2,10,sin,5e-05,0.9,80000,200,100,1.0,0.003941752016544342,0.0039268252439796925,6488.47570681572,18.896663665771484,6507.372370481491,42
pde6,2,10,swish,0.05,0.9,80000,200,100,1.0,0.09541325271129608,0.14865678548812866,5728.302891254425,576.3537538051605,6304.656645059586,42
pde6,2,10,swish,0.005,0.9,80000,200,100,1.0,0.10417046397924423,0.11494171619415283,5716.3158366680145,178.050847530365,5894.3666841983795,42
pde6,2,10,swish,0.0005,0.9,80000,200,100,1.0,0.13135379552841187,0.13345229625701904,5735.348435163498,156.53511142730713,5891.883546590805,42
pde6,2,10,swish,5e-05,0.9,80000,200,100,1.0,0.21880514919757843,0.09279591590166092,30669.64031624794,258.5394489765167,30928.179765224457,42
pde6,2,10,tanh,0.05,0.9,80000,200,100,1.0,0.3786450922489166,0.1053079217672348,6275.491477489471,490.79909324645996,6766.290570735931,42
pde6,2,10,tanh,0.005,0.9,80000,200,100,1.0,0.16570359468460083,0.1506623774766922,19981.550058364868,356.7840721607208,20338.33413052559,42
pde6,2,10,tanh,0.0005,0.9,80000,200,100,1.0,0.35278111696243286,0.11511681973934174,10088.42600440979,768.3919696807861,10856.817974090576,42
pde6,2,10,tanh,5e-05,0.9,80000,200,100,1.0,0.5665596127510071,0.039801035076379776,6211.740709781647,428.4100983142853,6640.150808095932,42
pde6,2,50,sin,0.05,0.9,80000,200,100,1.0,0.05320016294717789,0.0015068163629621267,4730.579746007919,126.58820128440857,4857.167947292328,42
pde6,2,50,sin,0.005,0.9,80000,200,100,1.0,0.007797073572874069,0.0012376190861687064,5098.146300792694,15.992672443389893,5114.138973236084,42
pde6,2,50,sin,0.0005,0.9,80000,200,100,1.0,0.0037004249170422554,0.00233325082808733,20130.84188747406,46.15049862861633,20176.992386102676,42
pde6,2,50,sin,5e-05,0.9,80000,200,100,1.0,0.0031861932948231697,0.0030575792770832777,12624.554774045944,30.20935559272766,12654.764129638672,42
pde6,2,50,swish,0.05,0.9,80000,200,100,1.0,0.09409941732883453,0.03166741877794266,4550.045503377914,1064.7100086212158,5614.75551199913,42
pde6,2,50,swish,0.005,0.9,80000,200,100,1.0,0.09091414511203766,0.08160430192947388,5720.091727733612,1078.1664316654205,6798.258159399033,42
pde6,2,50,swish,0.0005,0.9,80000,200,100,1.0,0.09543243795633316,0.050604596734046936,23308.563940525055,130.48178958892822,23439.045730113983,42
pde6,2,50,swish,5e-05,0.9,80000,200,100,1.0,0.11026337742805481,0.11038457602262497,19831.627574682236,181.0939633846283,20012.721538066864,42
pde6,2,50,tanh,0.05,0.9,80000,200,100,1.0,0.16366888582706451,0.02128358744084835,4149.332155942917,1419.6766645908356,5569.008820533752,42
pde6,2,50,tanh,0.005,0.9,80000,200,100,1.0,0.09628517180681229,0.021014396101236343,6920.388742685318,2296.552046060562,9216.94078874588,42
pde6,2,50,tanh,0.0005,0.9,80000,200,100,1.0,0.07843755930662155,0.02078573778271675,14343.380680561066,2788.354630470276,17131.73531103134,42
pde6,2,50,tanh,5e-05,0.9,80000,200,100,1.0,0.07568351179361343,0.01582568697631359,5382.684137582779,1677.0281746387482,7059.712312221527,42
pde6,5,10,sin,0.05,0.9,80000,200,100,1.0,0.04326106980443001,0.001236144918948412,4507.368437767029,171.50017547607422,4678.868613243103,42
pde6,5,10,sin,0.005,0.9,80000,200,100,1.0,0.01292357686907053,0.0018326621502637863,22502.74406695366,428.62015771865845,22931.364224672318,42
pde6,5,10,sin,0.0005,0.9,80000,200,100,1.0,0.005573254078626633,0.004436861258000135,8938.689207792282,26.096417665481567,8964.785625457764,42
pde6,5,10,sin,5e-05,0.9,80000,200,100,1.0,0.002343917964026332,0.002309983829036355,4982.619908809662,11.136135816574097,4993.756044626236,42
pde6,5,10,swish,0.05,0.9,80000,200,100,1.0,0.02970159612596035,0.0018312603933736682,5618.846328496933,195.43931221961975,5814.285640716553,42
pde6,5,10,swish,0.005,0.9,80000,200,100,1.0,0.010724271647632122,0.005802357103675604,16055.384278059006,75.35570788383484,16130.73998594284,42
pde6,5,10,swish,0.0005,0.9,80000,200,100,1.0,0.018046826124191284,0.007280877325683832,5566.4805953502655,101.95247483253479,5668.4330701828,42
pde6,5,10,swish,5e-05,0.9,80000,200,100,1.0,0.01327499095350504,0.013206308707594872,22378.719468832016,243.7707188129425,22622.49018764496,42
pde6,5,10,tanh,0.05,0.9,80000,200,100,1.0,0.09145521372556686,0.004350253846496344,28416.988102436066,2455.3591797351837,30872.34728217125,42
pde6,5,10,tanh,0.005,0.9,80000,200,100,1.0,0.03150711953639984,0.005737097002565861,4547.038652181625,272.0921404361725,4819.130792617798,42
pde6,5,10,tanh,0.0005,0.9,80000,200,100,1.0,0.09997096657752991,0.06641748547554016,7116.491023778915,143.10477900505066,7259.595802783966,42
pde6,5,10,tanh,5e-05,0.9,80000,200,100,1.0,0.23666468262672424,0.2307615876197815,7588.20441865921,86.49107122421265,7674.695489883423,42
pde6,5,50,sin,0.05,0.9,80000,200,100,1.0,0.9071348905563354,0.011959511786699295,3690.9869751930237,464.13170886039734,4155.118684053421,42
pde6,5,50,sin,0.005,0.9,80000,200,100,1.0,0.011694308370351791,0.0009763285634107888,30728.08515715599,233.77178692817688,30961.856944084167,42
pde6,5,50,sin,0.0005,0.9,80000,200,100,1.0,0.0057081361301243305,0.0026044687256217003,3741.0125012397766,15.679063320159912,3756.6915645599365,42
pde6,5,50,sin,5e-05,0.9,80000,200,100,1.0,0.003034544875845313,0.0018862348515540361,12863.300606489182,32.339874505996704,12895.640480995178,42
pde6,5,50,swish,0.05,0.9,80000,200,100,1.0,0.021068047732114792,0.003742140019312501,4156.269923210144,64.48313689231873,4220.753060102463,42
pde6,5,50,swish,0.005,0.9,80000,200,100,1.0,0.009280035272240639,0.0010801117168739438,4698.079605340958,22.57210636138916,4720.651711702347,42
pde6,5,50,swish,0.0005,0.9,80000,200,100,1.0,0.004591867793351412,0.0012237834744155407,16251.042521715164,39.02243494987488,16290.064956665039,42
pde6,5,50,swish,5e-05,0.9,80000,200,100,1.0,0.014325865544378757,0.012271372601389885,4721.625501155853,14.90378999710083,4736.529291152954,42
pde6,5,50,tanh,0.05,0.9,80000,200,100,1.0,1.0188572406768799,1.0,7846.417757987976,21.440054178237915,7867.857812166214,42
pde6,5,50,tanh,0.005,0.9,80000,200,100,1.0,0.017334476113319397,0.0013424304779618979,3178.92005109787,139.94189286231995,3318.86194396019,42
pde6,5,50,tanh,0.0005,0.9,80000,200,100,1.0,0.007431855425238609,0.003399110399186611,3180.6296141147614,15.343361377716064,3195.9729754924774,42
pde6,5,50,tanh,5e-05,0.9,80000,200,100,1.0,0.016663502901792526,0.011580776423215866,6714.301313400269,23.70198965072632,6738.003303050995,42
pde7,2,10,sin,0.05,0.9,80000,200,100,1.0,1.0051532983779907,1.0111323595046997,30260.77896809578,211.0864429473877,30471.865411043167,42
pde7,2,10,sin,0.005,0.9,80000,200,100,1.0,1.057957649230957,1.0004246234893799,31845.01087117195,252.27294254302979,32097.28381371498,42
pde7,2,10,sin,0.0005,0.9,80000,200,100,1.0,1.041012167930603,1.003078818321228,32694.473472356796,83.59961414337158,32778.07308650017,42
pde7,2,10,sin,5e-05,0.9,80000,200,100,1.0,1.1253371238708496,1.0091444253921509,32735.98512649536,93.31504106521606,32829.30016756058,42
pde7,2,10,swish,0.05,0.9,80000,200,100,1.0,0.9843239784240723,0.7054013609886169,5267.83419251442,1473.9324898719788,6741.766682386398,42
pde7,2,10,swish,0.005,0.9,80000,200,100,1.0,1.1416516304016113,0.6943591833114624,3682.2463488578796,1828.7263514995575,5510.972700357437,42
pde7,2,10,swish,0.0005,0.9,80000,200,100,1.0,1.1430002450942993,1.1424778699874878,3639.6029868125916,77.01474022865295,3716.6177270412445,42
pde7,2,10,swish,5e-05,0.9,80000,200,100,1.0,1.1574193239212036,0.6649160385131836,3682.0356328487396,750.7149896621704,4432.75062251091,42
pde7,2,10,tanh,0.05,0.9,80000,200,100,1.0,1.0641546249389648,1.1129164695739746,31499.438782930374,151.39164090156555,31650.83042383194,42
pde7,2,10,tanh,0.005,0.9,80000,200,100,1.0,0.9534569978713989,0.7858274579048157,33086.30089735985,22.02323007583618,33108.324127435684,42
pde7,2,10,tanh,0.0005,0.9,80000,200,100,1.0,1.0480509996414185,0.654453456401825,32036.72969007492,223.05012679100037,32259.77981686592,42
pde7,2,10,tanh,5e-05,0.9,80000,200,100,1.0,1.1189931631088257,0.504682719707489,28530.674419641495,431.9867911338806,28962.661210775375,42
pde7,2,50,sin,0.05,0.9,80000,200,100,1.0,1.002745270729065,1.0328058004379272,11635.346732139587,558.6903994083405,12194.037131547928,42
pde7,2,50,sin,0.005,0.9,80000,200,100,1.0,1.011505126953125,0.8886147141456604,13085.101405858994,2798.087880373001,15883.189286231995,42
pde7,2,50,sin,0.0005,0.9,80000,200,100,1.0,1.0362508296966553,0.8517456650733948,6452.097946643829,2185.7333154678345,8637.831262111664,42
pde7,2,50,sin,5e-05,0.9,80000,200,100,1.0,1.1372485160827637,0.9753894805908203,5129.453321695328,1686.301241159439,6815.754562854767,42
pde7,2,50,swish,0.05,0.9,80000,200,100,1.0,1.0477131605148315,0.8874855637550354,10053.050476789474,862.7250370979309,10915.775513887405,42
pde7,2,50,swish,0.005,0.9,80000,200,100,1.0,1.1207022666931152,0.6992926597595215,5567.927934408188,1316.0571801662445,6883.985114574432,42
pde7,2,50,swish,0.0005,0.9,80000,200,100,1.0,1.1416743993759155,0.8479548692703247,4152.546702623367,990.1096200942993,5142.656322717667,42
pde7,2,50,swish,5e-05,0.9,80000,200,100,1.0,1.1409624814987183,0.7000617980957031,7055.559274435043,1273.8131849765778,8329.372459411621,42
pde7,2,50,tanh,0.05,0.9,80000,200,100,1.0,0.42348140478134155,0.47299712896347046,7006.907469034195,866.4448812007904,7873.352350234985,42
pde7,2,50,tanh,0.005,0.9,80000,200,100,1.0,0.7298372983932495,0.458814799785614,4672.485677242279,2153.7619440555573,6826.247621297836,42
pde7,2,50,tanh,0.0005,0.9,80000,200,100,1.0,0.6132593750953674,0.42768368124961853,6399.133124828339,2375.165161371231,8774.29828619957,42
pde7,2,50,tanh,5e-05,0.9,80000,200,100,1.0,1.0833929777145386,0.42461737990379333,3548.0701484680176,1855.1984288692474,5403.268577337265,42
pde7,5,10,sin,0.05,0.9,80000,200,100,1.0,0.0693613588809967,0.03630192205309868,8631.601479291916,1281.3411033153534,9912.94258260727,42
pde7,5,10,sin,0.005,0.9,80000,200,100,1.0,0.07877495139837265,0.047386571764945984,6110.663742542267,1509.1410245895386,7619.804767131805,42
pde7,5,10,sin,0.0005,0.9,80000,200,100,1.0,0.33594372868537903,0.13261644542217255,10341.604661464691,1339.5375995635986,11681.14226102829,42
pde7,5,10,sin,5e-05,0.9,80000,200,100,1.0,0.47425398230552673,0.11303527653217316,2935.2466654777527,781.1735289096832,3716.420194387436,42
pde7,5,10,swish,0.05,0.9,80000,200,100,1.0,0.04604284465312958,0.01232142560184002,2751.8590924739838,1319.1281006336212,4070.987193107605,42
pde7,5,10,swish,0.005,0.9,80000,200,100,1.0,0.07537660747766495,0.0363105870783329,2848.8809373378754,1412.7789137363434,4261.659851074219,42
pde7,5,10,swish,0.0005,0.9,80000,200,100,1.0,0.22828823328018188,0.0941702127456665,6312.483763933182,1083.6601741313934,7396.143938064575,42
pde7,5,10,swish,5e-05,0.9,80000,200,100,1.0,0.21956205368041992,0.08040356636047363,2656.7724986076355,571.1217646598816,3227.894263267517,42
pde7,5,10,tanh,0.05,0.9,80000,200,100,1.0,0.18450450897216797,0.015627410262823105,5020.241599559784,1316.9020805358887,6337.143680095673,42
pde7,5,10,tanh,0.005,0.9,80000,200,100,1.0,0.05617387592792511,0.02637382037937641,8980.451935052872,948.5567569732666,9929.008692026138,42
pde7,5,10,tanh,0.0005,0.9,80000,200,100,1.0,0.1335923671722412,0.062129758298397064,4664.278352737427,1571.3939216136932,6235.67227435112,42
pde7,5,10,tanh,5e-05,0.9,80000,200,100,1.0,0.1561184972524643,0.060891926288604736,2564.442924261093,532.7793517112732,3097.2222759723663,42
pde7,5,50,sin,0.05,0.9,80000,200,100,1.0,0.6763767004013062,0.4450654983520508,2302.272639274597,380.1688024997711,2682.4414417743683,42
pde7,5,50,sin,0.005,0.9,80000,200,100,1.0,0.03757565841078758,0.030452998355031013,6088.480454444885,333.8078510761261,6422.288305521011,42
pde7,5,50,sin,0.0005,0.9,80000,200,100,1.0,0.10016408562660217,0.039365727454423904,11515.281596660614,1038.4023878574371,12553.683984518051,42
pde7,5,50,sin,5e-05,0.9,80000,200,100,1.0,0.1311543881893158,0.04499902203679085,4728.644706249237,657.484415769577,5386.129122018814,42
pde7,5,50,swish,0.05,0.9,80000,200,100,1.0,0.674545407295227,0.6743195652961731,2727.877173423767,7.679050445556641,2735.5562238693237,42
pde7,5,50,swish,0.005,0.9,80000,200,100,1.0,0.026250720024108887,0.016919810324907303,2575.0713851451874,153.11506938934326,2728.1864545345306,42
pde7,5,50,swish,0.0005,0.9,80000,200,100,1.0,0.055578816682100296,0.025028321892023087,2441.194431781769,478.06344532966614,2919.257877111435,42
pde7,5,50,swish,5e-05,0.9,80000,200,100,1.0,0.1360323131084442,0.13525362312793732,2731.32249379158,36.9375205039978,2768.260014295578,42
pde7,5,50,tanh,0.05,0.9,80000,200,100,1.0,0.6817798018455505,0.6743161678314209,2121.9504272937775,7.189209699630737,2129.139636993408,42
pde7,5,50,tanh,0.005,0.9,80000,200,100,1.0,0.015559743158519268,0.005207385402172804,2224.868043422699,128.71654534339905,2353.584588766098,42
pde7,5,50,tanh,0.0005,0.9,80000,200,100,1.0,0.022077279165387154,0.014541400596499443,4999.689016819,185.81350660324097,5185.502523422241,42
pde7,5,50,tanh,5e-05,0.9,80000,200,100,1.0,0.05660874769091606,0.05668551102280617,15490.38895893097,22.73512363433838,15513.124082565308,42
pde8,2,10,sin,0.05,0.9,80000,200,100,500.0,1.0241680145263672,1.0240784883499146,4790.975087881088,121.14480328559875,4912.119891166687,42
pde8,2,10,sin,0.005,0.9,80000,200,100,500.0,1.0242036581039429,1.0241633653640747,5051.076930522919,102.58728528022766,5153.664215803146,42
pde8,2,10,sin,0.0005,0.9,80000,200,100,500.0,1.0241690874099731,1.0241674184799194,3883.568260192871,64.33436989784241,3947.9026300907135,42
pde8,2,10,sin,5e-05,0.9,80000,200,100,500.0,1.0241646766662598,1.0241647958755493,4956.216370105743,149.2187614440918,5105.435131549835,42
pde8,2,10,swish,0.05,0.9,80000,200,100,500.0,1.0778175592422485,1.0827528238296509,5707.502591133118,253.56444597244263,5961.06703710556,42
pde8,2,10,swish,0.005,0.9,80000,200,100,500.0,1.0254606008529663,1.0292439460754395,10775.684164524078,241.29218769073486,11016.976352214813,42
pde8,2,10,swish,0.0005,0.9,80000,200,100,500.0,1.0237232446670532,0.9539621472358704,6831.0257070064545,1069.5512046813965,7900.576911687851,42
pde8,2,10,swish,5e-05,0.9,80000,200,100,500.0,1.0239371061325073,1.4454925060272217,8771.832763671875,1491.5083451271057,10263.34110879898,42
pde8,2,10,tanh,0.05,0.9,80000,200,100,500.0,1.1675513982772827,1.1329253911972046,6180.328799724579,434.365442276001,6614.69424200058,42
pde8,2,10,tanh,0.005,0.9,80000,200,100,500.0,1.1321228742599487,1.1317673921585083,5901.766589164734,204.55537128448486,6106.321960449219,42
pde8,2,10,tanh,0.0005,0.9,80000,200,100,500.0,1.1512197256088257,1.151229977607727,7002.275193691254,96.94183444976807,7099.217028141022,42
pde8,2,10,tanh,5e-05,0.9,80000,200,100,500.0,1.0805261135101318,1.0629788637161255,4757.164026498795,572.5845463275909,5329.7485728263855,42
pde8,2,50,sin,0.05,0.9,80000,200,100,500.0,1.0240442752838135,1.0241055488586426,7750.297784805298,149.89080929756165,7900.1885941028595,42
pde8,2,50,sin,0.005,0.9,80000,200,100,500.0,1.0241628885269165,1.0241514444351196,3853.6453630924225,47.7980637550354,3901.443426847458,42
pde8,2,50,sin,0.0005,0.9,80000,200,100,500.0,1.0241807699203491,1.0298515558242798,17722.48425102234,171.9984233379364,17894.482674360275,42
pde8,2,50,sin,5e-05,0.9,80000,200,100,500.0,1.0239107608795166,1.0298675298690796,3686.142296552658,168.1728711128235,3854.3151676654816,42
pde8,2,50,swish,0.05,0.9,80000,200,100,500.0,0.7119994759559631,0.8861894607543945,14475.95949935913,774.9606420993805,15250.920141458511,42
pde8,2,50,swish,0.005,0.9,80000,200,100,500.0,1.0242071151733398,1.0242069959640503,5879.634902477264,195.25248265266418,6074.887385129929,42
pde8,2,50,swish,0.0005,0.9,80000,200,100,500.0,1.0242478847503662,1.0242478847503662,6256.7030329704285,64.86861991882324,6321.571652889252,42
pde8,2,50,swish,5e-05,0.9,80000,200,100,500.0,1.0242500305175781,1.0242500305175781,6233.479585886002,135.5336253643036,6369.013211250305,42
pde8,2,50,tanh,0.05,0.9,80000,200,100,500.0,1.1874638795852661,1.253946304321289,5073.4658625125885,458.628812789917,5532.0946753025055,42
pde8,2,50,tanh,0.005,0.9,80000,200,100,500.0,1.8690115213394165,0.09527779370546341,4973.530367612839,2194.6818194389343,7168.212187051773,42
pde8,2,50,tanh,0.0005,0.9,80000,200,100,500.0,1.2810497283935547,0.19598810374736786,15557.932988643646,1484.508002281189,17042.440990924835,42
pde8,2,50,tanh,5e-05,0.9,80000,200,100,500.0,1.0421427488327026,0.10367608070373535,7873.422523498535,2569.3974075317383,10442.819931030273,42
pde8,5,10,sin,0.05,0.9,80000,200,100,500.0,1.0240398645401,1.0240942239761353,25363.31694340706,342.11055636405945,25705.427499771118,42
pde8,5,10,sin,0.005,0.9,80000,200,100,500.0,0.03508717194199562,0.005235664080828428,32712.566972970963,802.7987575531006,33515.36573052406,42
pde8,5,10,sin,0.0005,0.9,80000,200,100,500.0,0.03793938085436821,0.004692595452070236,4857.476588487625,1087.7894504070282,5945.266038894653,42
pde8,5,10,sin,5e-05,0.9,80000,200,100,500.0,0.06592516601085663,0.004435029812157154,4240.879002094269,787.226964712143,5028.105966806412,42
pde8,5,10,swish,0.05,0.9,80000,200,100,500.0,0.08324596285820007,0.0037887829821556807,6853.2850522994995,1438.304042339325,8291.589094638824,42
pde8,5,10,swish,0.005,0.9,80000,200,100,500.0,0.09223950654268265,0.007893179543316364,8980.014724969864,1675.6159174442291,10655.630642414093,42
pde8,5,10,swish,0.0005,0.9,80000,200,100,500.0,2.1049644947052,2.1030924320220947,15731.558284044266,358.6568341255188,16090.215118169785,42
pde8,5,10,swish,5e-05,0.9,80000,200,100,500.0,0.5795140862464905,0.23312081396579742,8530.03651547432,1686.2019627094269,10216.238478183746,42
pde8,5,10,tanh,0.05,0.9,80000,200,100,500.0,0.3401382565498352,0.012292774394154549,4215.621217727661,1282.5927715301514,5498.2139892578125,42
pde8,5,10,tanh,0.005,0.9,80000,200,100,500.0,0.8134582042694092,0.06153246760368347,6316.026120424271,1369.4132306575775,7685.439351081848,42
pde8,5,10,tanh,0.0005,0.9,80000,200,100,500.0,2.0402369499206543,0.7404195666313171,4203.86589717865,1297.9261350631714,5501.792032241821,42
pde8,5,10,tanh,5e-05,0.9,80000,200,100,500.0,0.9948616623878479,0.2479269802570343,22846.92364358902,2215.5301303863525,25062.453773975372,42
pde8,5,50,sin,0.05,0.9,80000,200,100,500.0,1.1022616624832153,0.07367115467786789,3360.5949528217316,355.316814661026,3715.9117674827576,42
pde8,5,50,sin,0.005,0.9,80000,200,100,500.0,0.028745587915182114,0.0017326012020930648,7313.6558339595795,1162.3678600788116,8476.023694038391,42
pde8,5,50,sin,0.0005,0.9,80000,200,100,500.0,0.012314487248659134,0.00027421402046456933,7102.031174898148,1165.0180795192719,8267.04925441742,42
pde8,5,50,sin,5e-05,0.9,80000,200,100,500.0,0.0017614386742934585,0.001172589953057468,11179.562045097351,145.00848817825317,11324.570533275604,42
pde8,5,50,swish,0.05,0.9,80000,200,100,500.0,0.033385857939720154,0.00030994301778264344,5813.176896810532,1344.564715385437,7157.741612195969,42
pde8,5,50,swish,0.005,0.9,80000,200,100,500.0,0.011115320958197117,0.0002218230947619304,17732.505366802216,1891.4387021064758,19623.94406890869,42
pde8,5,50,swish,0.0005,0.9,80000,200,100,500.0,0.0813589096069336,0.0013875063741579652,4648.662346363068,1050.384306192398,5699.046652555466,42
pde8,5,50,swish,5e-05,0.9,80000,200,100,500.0,0.06931943446397781,0.06875642389059067,4654.039323568344,68.90213990211487,4722.941463470459,42
pde8,5,50,tanh,0.05,0.9,80000,200,100,500.0,0.5596925020217896,0.03425544127821922,8908.615434408188,1564.8530538082123,10473.4684882164,42
pde8,5,50,tanh,0.005,0.9,80000,200,100,500.0,0.03126772120594978,0.0002936722885351628,5684.884163141251,1174.2053618431091,6859.08952498436,42
pde8,5,50,tanh,0.0005,0.9,80000,200,100,500.0,0.028202593326568604,0.001157120568677783,2989.050243616104,634.4308135509491,3623.481057167053,42
pde8,5,50,tanh,5e-05,0.9,80000,200,100,500.0,0.005976440850645304,0.00035793476854451,6860.877354383469,1211.20853972435,8072.085894107819,42
ch6_conv50,2,10,sin,0.05,0.9,80000,200,100,1.0,0.08533227443695068,5.886042708880268e-05,5198.544645786285,83.97557854652405,5282.520224332809,42
ch6_conv50,2,10,sin,0.005,0.9,80000,200,100,1.0,1.1523773670196533,1.1516190767288208,4201.340290784836,127.4403784275055,4328.780669212341,42
ch6_conv50,2,10,sin,0.0005,0.9,80000,200,100,1.0,1.1964502334594727,1.1965534687042236,5858.008341550827,138.56870698928833,5996.577048540115,42
ch6_conv50,2,10,sin,5e-05,0.9,80000,200,100,1.0,1.298099160194397,1.2980899810791016,5999.893311023712,85.92700743675232,6085.8203184604645,42
ch6_conv50,2,10,swish,0.05,0.9,80000,200,100,1.0,0.9595249891281128,0.8999837040901184,7972.183509588242,568.7604722976685,8540.94398188591,42
ch6_conv50,2,10,swish,0.005,0.9,80000,200,100,1.0,0.9766032695770264,0.9768857955932617,4339.66329908371,128.5481321811676,4468.211431264877,42
ch6_conv50,2,10,swish,0.0005,0.9,80000,200,100,1.0,1.0569982528686523,0.9746780395507812,4898.822222948074,612.5169858932495,5511.339208841324,42
ch6_conv50,2,10,swish,5e-05,0.9,80000,200,100,1.0,1.2456356287002563,1.2455832958221436,4284.792375564575,80.5106086730957,4365.302984237671,42
ch6_conv50,2,10,tanh,0.05,0.9,80000,200,100,1.0,0.9393044114112854,0.9305304288864136,4180.363604545593,162.53072595596313,4342.894330501556,42
ch6_conv50,2,10,tanh,0.005,0.9,80000,200,100,1.0,1.0258584022521973,1.0263525247573853,3948.171265602112,116.87777400016785,4065.0490396022797,42
ch6_conv50,2,10,tanh,0.0005,0.9,80000,200,100,1.0,1.095902442932129,1.0960410833358765,5071.941279888153,108.55006146430969,5180.491341352463,42
ch6_conv50,2,10,tanh,5e-05,0.9,80000,200,100,1.0,1.1287785768508911,1.128770112991333,3718.475255727768,115.84965634346008,3834.324912071228,42
ch6_conv50,2,50,sin,0.05,0.9,80000,200,100,1.0,0.06493944674730301,0.002683960134163499,7034.598386526108,148.94141054153442,7183.539797067642,42
ch6_conv50,2,50,sin,0.005,0.9,80000,200,100,1.0,1.1580204963684082,1.1585572957992554,4108.480774641037,115.85223269462585,4224.333007335663,42
ch6_conv50,2,50,sin,0.0005,0.9,80000,200,100,1.0,1.19554603099823,1.1950815916061401,5551.566026210785,23.564258813858032,5575.130285024643,42
ch6_conv50,2,50,sin,5e-05,0.9,80000,200,100,1.0,1.310266137123108,1.3102400302886963,14741.149812936783,60.080366373062134,14801.230179309845,42
ch6_conv50,2,50,swish,0.05,0.9,80000,200,100,1.0,0.9721612334251404,0.9136635065078735,6461.14421248436,1314.9196367263794,7776.063849210739,42
ch6_conv50,2,50,swish,0.005,0.9,80000,200,100,1.0,0.9829437136650085,0.983204185962677,5305.733767986298,138.20297765731812,5443.936745643616,42
ch6_conv50,2,50,swish,0.0005,0.9,80000,200,100,1.0,1.075848937034607,1.0762192010879517,4862.402076721191,95.7867362499237,4958.188812971115,42
ch6_conv50,2,50,swish,5e-05,0.9,80000,200,100,1.0,1.2115923166275024,1.2115322351455688,6063.9974365234375,95.05176401138306,6159.049200534821,42
ch6_conv50,2,50,tanh,0.05,0.9,80000,200,100,1.0,0.9224120378494263,0.9249863028526306,15358.058497428894,36.369112491607666,15394.427609920502,42
ch6_conv50,2,50,tanh,0.005,0.9,80000,200,100,1.0,0.9770078063011169,0.9772360324859619,4003.3488206863403,87.84781074523926,4091.1966314315796,42
ch6_conv50,2,50,tanh,0.0005,0.9,80000,200,100,1.0,0.9972509741783142,0.9973226189613342,10552.932579517365,190.36549305915833,10743.298072576523,42
ch6_conv50,2,50,tanh,5e-05,0.9,80000,200,100,1.0,1.1427026987075806,1.1426753997802734,3671.239490032196,86.96276950836182,3758.202259540558,42
ch6_conv50,5,10,sin,0.05,0.9,80000,200,100,1.0,0.8159921169281006,0.01988859474658966,3705.4071424007416,459.57290291786194,4164.9800453186035,42
ch6_conv50,5,10,sin,0.005,0.9,80000,200,100,1.0,0.24190963804721832,0.026081055402755737,6984.351924657822,260.2798857688904,7244.631810426712,42
ch6_conv50,5,10,sin,0.0005,0.9,80000,200,100,1.0,0.5865867733955383,0.586485743522644,7508.886519432068,133.6932508945465,7642.579770326614,42
ch6_conv50,5,10,sin,5e-05,0.9,80000,200,100,1.0,0.7072854042053223,0.7072769999504089,6147.002782821655,70.69162845611572,6217.694411277771,42
ch6_conv50,5,10,swish,0.05,0.9,80000,200,100,1.0,0.5672813057899475,0.5709919929504395,4639.420884609222,457.57314014434814,5096.994024753571,42
ch6_conv50,5,10,swish,0.005,0.9,80000,200,100,1.0,0.4522065222263336,0.42555055022239685,5697.862510919571,203.38666319847107,5901.249174118042,42
ch6_conv50,5,10,swish,0.0005,0.9,80000,200,100,1.0,0.8389375805854797,0.8389261960983276,11105.229987382889,173.80455088615417,11279.034538269043,42
ch6_conv50,5,10,swish,5e-05,0.9,80000,200,100,1.0,0.9335970878601074,0.9336026310920715,19923.805349349976,30.28106427192688,19954.086413621902,42
ch6_conv50,5,10,tanh,0.05,0.9,80000,200,100,1.0,0.8434944748878479,0.8331212401390076,6715.025521278381,351.9172067642212,7066.9427280426025,42
ch6_conv50,5,10,tanh,0.005,0.9,80000,200,100,1.0,0.7357949018478394,0.728236973285675,3293.2167150974274,93.81399035453796,3387.0307054519653,42
ch6_conv50,5,10,tanh,0.0005,0.9,80000,200,100,1.0,0.7822085618972778,0.7821938991546631,3216.171201467514,46.97164011001587,3263.14284157753,42
ch6_conv50,5,10,tanh,5e-05,0.9,80000,200,100,1.0,0.7809624671936035,0.7809668779373169,5489.1390471458435,17.632587909698486,5506.771635055542,42
ch6_conv50,5,50,sin,0.05,0.9,80000,200,100,1.0,0.9826199412345886,0.1689113974571228,3047.295212984085,444.61954617500305,3491.914759159088,42
ch6_conv50,5,50,sin,0.005,0.9,80000,200,100,1.0,0.3356810510158539,0.017272235825657845,3159.4958169460297,200.5900468826294,3360.085863828659,42
ch6_conv50,5,50,sin,0.0005,0.9,80000,200,100,1.0,0.5451080203056335,0.017078140750527382,8402.948526382446,1141.0590648651123,9544.007591247559,42
ch6_conv50,5,50,sin,5e-05,0.9,80000,200,100,1.0,0.7254828214645386,0.7254947423934937,2094.5370252132416,38.72750496864319,2133.2645301818848,42
ch6_conv50,5,50,swish,0.05,0.9,80000,200,100,1.0,1.0000020265579224,1.0,5170.131665945053,13.91935420036316,5184.051020145416,42
ch6_conv50,5,50,swish,0.005,0.9,80000,200,100,1.0,0.3376776874065399,0.023428892716765404,6676.97146654129,411.6904799938202,7088.6619465351105,42
ch6_conv50,5,50,swish,0.0005,0.9,80000,200,100,1.0,0.6932622194290161,0.6913093328475952,4796.166068077087,154.044691324234,4950.210759401321,42
ch6_conv50,5,50,swish,5e-05,0.9,80000,200,100,1.0,0.8874759674072266,0.8312011957168579,5351.820039987564,597.4627618789673,5949.282801866531,42
ch6_conv50,5,50,tanh,0.05,0.9,80000,200,100,1.0,1.0072838068008423,1.0,7295.874785900116,24.934394598007202,7320.809180498123,42
ch6_conv50,5,50,tanh,0.005,0.9,80000,200,100,1.0,0.4746750295162201,0.23272515833377838,3579.4808366298676,1212.8388323783875,4792.319669008255,42
ch6_conv50,5,50,tanh,0.0005,0.9,80000,200,100,1.0,0.40054064989089966,0.19227120280265808,2853.302421092987,1045.1435732841492,3898.4459943771362,42
ch6_conv50,5,50,tanh,5e-05,0.9,80000,200,100,1.0,0.7112584710121155,0.7112559080123901,5680.3698987960815,18.995465755462646,5699.365364551544,42
ch6_conv100,2,10,sin,0.05,0.9,80000,200,100,1.0,1.0309131145477295,1.055587887763977,3613.7128324508667,188.4087131023407,3802.1215455532074,42
ch6_conv100,2,10,sin,0.005,0.9,80000,200,100,1.0,2.7514140605926514,2.747340202331543,4178.650641441345,8.426955223083496,4187.077596664429,42
ch6_conv100,2,10,sin,0.0005,0.9,80000,200,100,1.0,2.84132981300354,2.841498613357544,3630.621191263199,24.222749948501587,3654.8439412117004,42
ch6_conv100,2,10,sin,5e-05,0.9,80000,200,100,1.0,2.338146448135376,2.3381288051605225,4072.6975576877594,11.122339725494385,4083.819897413254,42
ch6_conv100,2,10,swish,0.05,0.9,80000,200,100,1.0,1.001481056213379,0.981266975402832,3346.809636592865,198.1717448234558,3544.981381416321,42
ch6_conv100,2,10,swish,0.005,0.9,80000,200,100,1.0,0.9953876733779907,0.9955053925514221,3328.5255720615387,74.55711913108826,3403.082691192627,42
ch6_conv100,2,10,swish,0.0005,0.9,80000,200,100,1.0,1.2432714700698853,1.2434810400009155,3391.540611743927,49.31825542449951,3440.8588671684265,42
ch6_conv100,2,10,swish,5e-05,0.9,80000,200,100,1.0,1.8520938158035278,1.852104902267456,3674.411123275757,33.84622526168823,3708.257348537445,42
ch6_conv100,2,10,tanh,0.05,0.9,80000,200,100,1.0,1.0121209621429443,1.0067811012268066,3732.982321500778,61.14042782783508,3794.1227493286133,42
ch6_conv100,2,10,tanh,0.005,0.9,80000,200,100,1.0,1.16947340965271,1.0126967430114746,3867.788619995117,63.70860195159912,3931.4972219467163,42
ch6_conv100,2,10,tanh,0.0005,0.9,80000,200,100,1.0,1.033413290977478,1.0334346294403076,3507.7790789604187,53.287248849868774,3561.0663278102875,42
ch6_conv100,2,10,tanh,5e-05,0.9,80000,200,100,1.0,1.8991507291793823,1.899096131324768,3526.58793592453,27.094924688339233,3553.6828606128693,42
ch6_conv100,2,50,sin,0.05,0.9,80000,200,100,1.0,0.47237011790275574,0.008657488971948624,3748.165132045746,37.17476844787598,3785.339900493622,42
ch6_conv100,2,50,sin,0.005,0.9,80000,200,100,1.0,1.5164016485214233,1.5708215236663818,2712.509460926056,90.29987382888794,2802.809334754944,42
ch6_conv100,2,50,sin,0.0005,0.9,80000,200,100,1.0,1.905179500579834,1.9040733575820923,3571.1444294452667,17.350627183914185,3588.495056629181,42
ch6_conv100,2,50,sin,5e-05,0.9,80000,200,100,1.0,2.076080322265625,2.0761539936065674,3036.4050946235657,45.910059690475464,3082.315154314041,42
ch6_conv100,2,50,swish,0.05,0.9,80000,200,100,1.0,0.9949033260345459,1.0609616041183472,2467.669499874115,93.00575590133667,2560.6752557754517,42
ch6_conv100,2,50,swish,0.005,0.9,80000,200,100,1.0,1.1151827573776245,1.114451289176941,4145.813447713852,10.707534551620483,4156.520982265472,42
ch6_conv100,2,50,swish,0.0005,0.9,80000,200,100,1.0,1.2487072944641113,1.2494404315948486,4321.843389511108,9.857125282287598,4331.700514793396,42
ch6_conv100,2,50,swish,5e-05,0.9,80000,200,100,1.0,1.6811574697494507,1.681111216545105,3973.8501982688904,13.133161783218384,3986.9833600521088,42
ch6_conv100,2,50,tanh,0.05,0.9,80000,200,100,1.0,0.9804822206497192,0.965471088886261,4519.374274969101,29.657164096832275,4549.031439065933,42
ch6_conv100,2,50,tanh,0.005,0.9,80000,200,100,1.0,1.031488299369812,1.0298012495040894,4406.686594724655,44.30373668670654,4450.990331411362,42
ch6_conv100,2,50,tanh,0.0005,0.9,80000,200,100,1.0,1.225931167602539,1.2264777421951294,3863.5847387313843,15.200242042541504,3878.784980773926,42
ch6_conv100,2,50,tanh,5e-05,0.9,80000,200,100,1.0,1.6051844358444214,1.605099081993103,3318.296401500702,25.597075700759888,3343.893477201462,42
ch6_conv100,5,10,sin,0.05,0.9,80000,200,100,1.0,0.9475135207176208,0.9433280825614929,3324.7498190402985,301.76695227622986,3626.5167713165283,42
ch6_conv100,5,10,sin,0.005,0.9,80000,200,100,1.0,0.9091793894767761,0.8925657272338867,4782.165541410446,74.9855842590332,4857.151125669479,42
ch6_conv100,5,10,sin,0.0005,0.9,80000,200,100,1.0,0.9020228385925293,0.9020524621009827,5345.5824365615845,36.57832908630371,5382.160765647888,42
ch6_conv100,5,10,sin,5e-05,0.9,80000,200,100,1.0,0.9164882898330688,0.9164878726005554,5996.022073507309,37.19167709350586,6033.213750600815,42
ch6_conv100,5,10,swish,0.05,0.9,80000,200,100,1.0,0.9545034170150757,1.0211548805236816,7844.368616342545,47.08153510093689,7891.450151443481,42
ch6_conv100,5,10,swish,0.005,0.9,80000,200,100,1.0,0.8982358574867249,0.89307701587677,8384.219361305237,32.37615442276001,8416.595515727997,42
ch6_conv100,5,10,swish,0.0005,0.9,80000,200,100,1.0,0.9665989279747009,0.9665902256965637,8928.799826860428,13.361145496368408,8942.160972356796,42
ch6_conv100,5,10,swish,5e-05,0.9,80000,200,100,1.0,0.9684233069419861,0.9684229493141174,3742.91627573967,18.35777997970581,3761.2740557193756,42
ch6_conv100,5,10,tanh,0.05,0.9,80000,200,100,1.0,0.9658911228179932,0.961679995059967,4119.351004362106,79.46000385284424,4198.811008214951,42
ch6_conv100,5,10,tanh,0.005,0.9,80000,200,100,1.0,0.927407443523407,0.9137943387031555,6826.175065755844,29.92266321182251,6856.097728967667,42
ch6_conv100,5,10,tanh,0.0005,0.9,80000,200,100,1.0,0.9195221066474915,0.9195024371147156,6417.767169237137,23.41359519958496,6441.180764436722,42
ch6_conv100,5,10,tanh,5e-05,0.9,80000,200,100,1.0,0.9518018960952759,0.9517964720726013,4037.048576116562,14.563030004501343,4051.6116061210632,42
ch6_conv100,5,50,sin,0.05,0.9,80000,200,100,1.0,1.0064748525619507,0.2540036141872406,8127.272886991501,659.693608045578,8786.966495037079,42
ch6_conv100,5,50,sin,0.005,0.9,80000,200,100,1.0,0.9156182408332825,0.8764201998710632,4331.7217264175415,199.47918558120728,4531.200911998749,42
ch6_conv100,5,50,sin,0.0005,0.9,80000,200,100,1.0,0.9010176658630371,0.8838677406311035,10579.338753461838,19.744892597198486,10599.083646059036,42
ch6_conv100,5,50,sin,5e-05,0.9,80000,200,100,1.0,0.9490245580673218,0.9490063190460205,9985.250240802765,38.84937238693237,10024.099613189697,42
ch6_conv100,5,50,swish,0.05,0.9,80000,200,100,1.0,1.0000001192092896,1.0,10487.14369225502,1.8204374313354492,10488.964129686356,42
ch6_conv100,5,50,swish,0.005,0.9,80000,200,100,1.0,0.9194705486297607,1.0890625715255737,8409.382309675217,517.086797952652,8926.469107627869,42
ch6_conv100,5,50,swish,0.0005,0.9,80000,200,100,1.0,0.9338605999946594,0.9292883276939392,5896.334429264069,159.98764753341675,6056.322076797485,42
ch6_conv100,5,50,swish,5e-05,0.9,80000,200,100,1.0,0.9756467938423157,0.9756445288658142,10151.562108278275,23.102876901626587,10174.664985179901,42
ch6_conv100,5,50,tanh,0.05,0.9,80000,200,100,1.0,1.0011149644851685,1.0,8664.73511338234,12.041132688522339,8676.776246070862,42
ch6_conv100,5,50,tanh,0.005,0.9,80000,200,100,1.0,0.9239136576652527,0.906329870223999,7348.67290520668,246.0578715801239,7594.730776786804,42
ch6_conv100,5,50,tanh,0.0005,0.9,80000,200,100,1.0,0.9192526936531067,0.9056261777877808,9538.792733430862,105.07103395462036,9643.863767385483,42
ch6_conv100,5,50,tanh,5e-05,0.9,80000,200,100,1.0,0.9065463542938232,0.9065447449684143,2347.684338569641,37.93842434883118,2385.6227629184723,42
ch6_react6,2,10,sin,0.05,0.9,80000,200,100,1.0,0.991764485836029,0.9864051342010498,9927.57547211647,194.39314532279968,10121.96861743927,42
ch6_react6,2,10,sin,0.005,0.9,80000,200,100,1.0,0.16564582288265228,0.16544301807880402,5499.0726709365845,123.74546766281128,5622.818138599396,42
ch6_react6,2,10,sin,0.0005,0.9,80000,200,100,1.0,0.9944273829460144,0.9944477081298828,6983.907443761826,95.79973363876343,7079.707177400589,42
ch6_react6,2,10,sin,5e-05,0.9,80000,200,100,1.0,0.9939122200012207,0.9939004778862,5680.046404123306,22.06526780128479,5702.111671924591,42
ch6_react6,2,10,swish,0.05,0.9,80000,200,100,1.0,0.9907526969909668,0.9890450835227966,5164.364629030228,250.98762941360474,5415.352258443832,42
ch6_react6,2,10,swish,0.005,0.9,80000,200,100,1.0,0.1814093291759491,0.06109687313437462,8252.217722654343,501.14161944389343,8753.359342098236,42
ch6_react6,2,10,swish,0.0005,0.9,80000,200,100,1.0,0.9933234453201294,0.9934170842170715,9367.92575764656,20.92256259918213,9388.848320245743,42
ch6_react6,2,10,swish,5e-05,0.9,80000,200,100,1.0,0.9939391016960144,0.9938843846321106,9745.019492149353,28.39501404762268,9773.414506196976,42
ch6_react6,2,10,tanh,0.05,0.9,80000,200,100,1.0,0.9930422306060791,0.9943767189979553,5048.394532203674,293.7513885498047,5342.145920753479,42
ch6_react6,2,10,tanh,0.005,0.9,80000,200,100,1.0,0.04000285640358925,0.03813024237751961,4819.0468492507935,159.83912873268127,4978.885977983475,42
ch6_react6,2,10,tanh,0.0005,0.9,80000,200,100,1.0,0.9937843680381775,0.9940875768661499,5589.725997924805,13.767301082611084,5603.493299007416,42
ch6_react6,2,10,tanh,5e-05,0.9,80000,200,100,1.0,0.9918584227561951,0.9918617606163025,5296.788197040558,15.602231979370117,5312.390429019928,42
ch6_react6,2,50,sin,0.05,0.9,80000,200,100,1.0,0.28336215019226074,0.13877230882644653,6472.558256626129,2081.8094544410706,8554.3677110672,42
ch6_react6,2,50,sin,0.005,0.9,80000,200,100,1.0,0.12337741255760193,0.084146648645401,6359.318475961685,2463.3571524620056,8822.67562842369,42
ch6_react6,2,50,sin,0.0005,0.9,80000,200,100,1.0,0.23334911465644836,0.21563352644443512,5869.335209369659,372.78497672080994,6242.120186090469,42
ch6_react6,2,50,sin,5e-05,0.9,80000,200,100,1.0,0.3964003920555115,0.39646944403648376,5315.7559061050415,103.68843626976013,5419.444342374802,42
ch6_react6,2,50,swish,0.05,0.9,80000,200,100,1.0,0.9962143898010254,0.9926646947860718,5367.195586204529,361.1199162006378,5728.315502405167,42
ch6_react6,2,50,swish,0.005,0.9,80000,200,100,1.0,0.24338728189468384,0.11090067028999329,5991.886862277985,1103.331710577011,7095.218572854996,42
ch6_react6,2,50,swish,0.0005,0.9,80000,200,100,1.0,0.23404377698898315,0.09852926433086395,5568.185675144196,2003.9814667701721,7572.167141914368,42
ch6_react6,2,50,swish,5e-05,0.9,80000,200,100,1.0,0.35460785031318665,0.09517420083284378,5467.996903181076,2013.2700521945953,7481.266955375671,42
ch6_react6,2,50,tanh,0.05,0.9,80000,200,100,1.0,1.0056952238082886,0.9927359223365784,5754.656221151352,434.2186641693115,6188.874885320663,42
ch6_react6,2,50,tanh,0.005,0.9,80000,200,100,1.0,0.9858315587043762,0.99135422706604,4721.206845998764,170.9600591659546,4892.166905164719,42
ch6_react6,2,50,tanh,0.0005,0.9,80000,200,100,1.0,0.9923742413520813,0.9936786890029907,4614.383999586105,100.64337658882141,4715.027376174927,42
ch6_react6,2,50,tanh,5e-05,0.9,80000,200,100,1.0,0.9938783645629883,0.9937407374382019,11778.737432956696,32.619277238845825,11811.356710195541,42
ch6_react6,5,10,sin,0.05,0.9,80000,200,100,1.0,0.10263022035360336,0.02120705135166645,9753.797041416168,741.2405230998993,10495.037564516068,42
ch6_react6,5,10,sin,0.005,0.9,80000,200,100,1.0,0.023566661402583122,0.02359423041343689,4439.490718841553,32.60157752037048,4472.092296361923,42
ch6_react6,5,10,sin,0.0005,0.9,80000,200,100,1.0,0.0735754668712616,0.07329553365707397,4838.212338447571,16.26626706123352,4854.478605508804,42
ch6_react6,5,10,sin,5e-05,0.9,80000,200,100,1.0,0.05956464260816574,0.05951843038201332,4229.984984397888,13.530431032180786,4243.515415430069,42
ch6_react6,5,10,swish,0.05,0.9,80000,200,100,1.0,0.024134548380970955,0.02234434150159359,21169.60507917404,10.841452360153198,21180.446531534195,42
ch6_react6,5,10,swish,0.005,0.9,80000,200,100,1.0,0.9976852536201477,0.9977885484695435,5729.01281452179,64.48056697845459,5793.493381500244,42
ch6_react6,5,10,swish,0.0005,0.9,80000,200,100,1.0,0.1235501766204834,0.12348146736621857,7882.995321512222,29.260310888290405,7912.255632400513,42
ch6_react6,5,10,swish,5e-05,0.9,80000,200,100,1.0,0.11218327283859253,0.11221599578857422,6099.450147628784,14.896527767181396,6114.346675395966,42
ch6_react6,5,10,tanh,0.05,0.9,80000,200,100,1.0,0.06573762744665146,0.006218417547643185,16470.93758749962,145.18062472343445,16616.118212223053,42
ch6_react6,5,10,tanh,0.005,0.9,80000,200,100,1.0,0.010605121962726116,0.0074083092622458935,6921.524742603302,62.877686500549316,6984.402429103851,42
ch6_react6,5,10,tanh,0.0005,0.9,80000,200,100,1.0,0.9899746179580688,0.9907822012901306,6412.415363788605,106.0174789428711,6518.432842731476,42
ch6_react6,5,10,tanh,5e-05,0.9,80000,200,100,1.0,0.9904409646987915,0.9905956387519836,3927.2023396492004,60.564958572387695,3987.767298221588,42
ch6_react6,5,50,sin,0.05,0.9,80000,200,100,1.0,0.7989487648010254,0.33161798119544983,6126.39297914505,551.5911345481873,6677.984113693237,42
ch6_react6,5,50,sin,0.005,0.9,80000,200,100,1.0,0.020347902551293373,0.013748855330049992,11527.050731897354,86.93191480636597,11613.98264670372,42
ch6_react6,5,50,sin,0.0005,0.9,80000,200,100,1.0,0.0322808176279068,0.03248298168182373,3945.28204870224,17.173460721969604,3962.4555094242096,42
ch6_react6,5,50,sin,5e-05,0.9,80000,200,100,1.0,0.04982263594865799,0.04955913871526718,4029.3826942443848,12.543251514434814,4041.9259457588196,42
ch6_react6,5,50,swish,0.05,0.9,80000,200,100,1.0,0.990071713924408,0.9899089932441711,5297.797123193741,13.912656784057617,5311.7097799777985,42
ch6_react6,5,50,swish,0.005,0.9,80000,200,100,1.0,0.010567606426775455,0.009300938807427883,14806.88996720314,16.437382221221924,14823.327349424362,42
ch6_react6,5,50,swish,0.0005,0.9,80000,200,100,1.0,0.03697545826435089,0.036479461938142776,5430.765953063965,15.91107726097107,5446.677030324936,42
ch6_react6,5,50,swish,5e-05,0.9,80000,200,100,1.0,0.10523750633001328,0.10566164553165436,7774.274701595306,29.09571075439453,7803.370412349701,42
ch6_react6,5,50,tanh,0.05,0.9,80000,200,100,1.0,0.7208271026611328,0.989909291267395,13081.196764469147,12.367769002914429,13093.564533472061,42
ch6_react6,5,50,tanh,0.005,0.9,80000,200,100,1.0,0.04627387970685959,0.04004868492484093,6390.139184474945,60.92316770553589,6451.062352180481,42
ch6_react6,5,50,tanh,0.0005,0.9,80000,200,100,1.0,0.997871458530426,0.9979157447814941,3505.5457406044006,72.39760446548462,3577.9433450698853,42
ch6_react6,5,50,tanh,5e-05,0.9,80000,200,100,1.0,0.09786864370107651,0.09824056923389435,3608.862951040268,11.729652166366577,3620.5926032066345,42
ch6_wave44,2,10,sin,0.05,0.9,80000,200,100,1.0,0.4504004418849945,0.45021453499794006,10113.440733909607,136.49183106422424,10249.932564973831,42
ch6_wave44,2,10,sin,0.005,0.9,80000,200,100,1.0,0.45050862431526184,0.4505141079425812,5886.2889404296875,132.36395001411438,6018.652890443802,42
ch6_wave44,2,10,sin,0.0005,0.9,80000,200,100,1.0,0.4510694742202759,0.4510767161846161,5422.6881375312805,98.13364338874817,5520.821780920029,42
ch6_wave44,2,10,sin,5e-05,0.9,80000,200,100,1.0,0.4973146319389343,0.4497031271457672,7607.649127483368,533.9592995643616,8141.6084270477295,42
ch6_wave44,2,10,swish,0.05,0.9,80000,200,100,1.0,0.6813451647758484,0.6469538807868958,10982.222908973694,311.5949983596802,11293.817907333374,42
ch6_wave44,2,10,swish,0.005,0.9,80000,200,100,1.0,0.4555269181728363,0.45555993914604187,5739.356421947479,113.44943594932556,5852.805857896805,42
ch6_wave44,2,10,swish,0.0005,0.9,80000,200,100,1.0,0.45228540897369385,0.4522711932659149,12498.399794340134,93.08393216133118,12591.483726501465,42
ch6_wave44,2,10,swish,5e-05,0.9,80000,200,100,1.0,0.7074664235115051,0.5057998895645142,5546.499539375305,727.9190793037415,6274.418618679047,42
ch6_wave44,2,10,tanh,0.05,0.9,80000,200,100,1.0,0.4316992461681366,0.4208180904388428,7200.693826913834,349.5436339378357,7550.237460851669,42
ch6_wave44,2,10,tanh,0.005,0.9,80000,200,100,1.0,0.4654557406902313,0.45042917132377625,5358.472159147263,393.98341512680054,5752.455574274063,42
ch6_wave44,2,10,tanh,0.0005,0.9,80000,200,100,1.0,0.46517330408096313,0.46897003054618835,6414.426985740662,194.40461349487305,6608.831599235535,42
ch6_wave44,2,10,tanh,5e-05,0.9,80000,200,100,1.0,0.4863843619823456,0.4863853454589844,8623.790546178818,113.71095442771912,8737.501500606537,42
ch6_wave44,2,50,sin,0.05,0.9,80000,200,100,1.0,0.45064830780029297,0.45023155212402344,6566.960048913956,159.50138401985168,6726.461432933807,42
ch6_wave44,2,50,sin,0.005,0.9,80000,200,100,1.0,0.450478732585907,0.4504813253879547,6159.026027679443,153.5948383808136,6312.620866060257,42
ch6_wave44,2,50,sin,0.0005,0.9,80000,200,100,1.0,0.4504854381084442,0.450496107339859,10179.973897695541,17.71771240234375,10197.691610097885,42
ch6_wave44,2,50,sin,5e-05,0.9,80000,200,100,1.0,0.513448178768158,0.5134466290473938,7093.7704384326935,80.14273262023926,7173.913171052933,42
ch6_wave44,2,50,swish,0.05,0.9,80000,200,100,1.0,0.46526241302490234,0.4561954140663147,6754.741267204285,308.7765941619873,7063.517861366272,42
ch6_wave44,2,50,swish,0.005,0.9,80000,200,100,1.0,0.46086955070495605,0.44983339309692383,7910.952267408371,93.7081835269928,8004.660450935364,42
ch6_wave44,2,50,swish,0.0005,0.9,80000,200,100,1.0,0.46033167839050293,0.46036651730537415,7605.290498971939,68.02631211280823,7673.316811084747,42
ch6_wave44,2,50,swish,5e-05,0.9,80000,200,100,1.0,0.6624486446380615,0.4508512616157532,8604.353259325027,38.378379106521606,8642.731638431549,42
ch6_wave44,2,50,tanh,0.05,0.9,80000,200,100,1.0,0.4244242310523987,0.40968841314315796,6595.550812959671,347.3329963684082,6942.883809328079,42
ch6_wave44,2,50,tanh,0.005,0.9,80000,200,100,1.0,0.45908495783805847,0.35792115330696106,6612.560162305832,1596.2871282100677,8208.8472905159,42
ch6_wave44,2,50,tanh,0.0005,0.9,80000,200,100,1.0,0.4577651917934418,0.368429571390152,7519.396528244019,1266.021087884903,8785.417616128922,42
ch6_wave44,2,50,tanh,5e-05,0.9,80000,200,100,1.0,0.45132753252983093,0.45132893323898315,9252.019323587418,39.352834939956665,9291.372158527374,42
ch6_wave44,5,10,sin,0.05,0.9,80000,200,100,1.0,0.5429737567901611,0.3350978195667267,4504.246516942978,1279.4708585739136,5783.7173755168915,42
ch6_wave44,5,10,sin,0.005,0.9,80000,200,100,1.0,0.3872450292110443,0.3272291123867035,4397.409706115723,1869.8449523448944,6267.254658460617,42
ch6_wave44,5,10,sin,0.0005,0.9,80000,200,100,1.0,0.4532994329929352,0.3910357654094696,4397.054975032806,1557.5331246852875,5954.588099718094,42
ch6_wave44,5,10,sin,5e-05,0.9,80000,200,100,1.0,0.45373910665512085,0.3949737548828125,14441.533146381378,1155.3732280731201,15596.906374454498,42
ch6_wave44,5,10,swish,0.05,0.9,80000,200,100,1.0,0.43064403533935547,0.3692040741443634,14165.184239149094,531.1766016483307,14696.360840797424,42
ch6_wave44,5,10,swish,0.005,0.9,80000,200,100,1.0,0.4302253723144531,0.401163786649704,14035.265326738358,1034.7559931278229,15070.02131986618,42
ch6_wave44,5,10,swish,0.0005,0.9,80000,200,100,1.0,0.4502415657043457,0.45826175808906555,8269.884006738663,1075.3618178367615,9345.245824575424,42
ch6_wave44,5,10,swish,5e-05,0.9,80000,200,100,1.0,0.45069488883018494,0.4506993293762207,12187.164167404175,118.73474287986755,12305.898910284042,42
ch6_wave44,5,10,tanh,0.05,0.9,80000,200,100,1.0,0.5745289325714111,0.43070924282073975,6769.514794588089,408.42783641815186,7177.942631006241,42
ch6_wave44,5,10,tanh,0.005,0.9,80000,200,100,1.0,0.4149964451789856,0.3803892135620117,4047.4006354808807,1782.2459924221039,5829.646627902985,42
ch6_wave44,5,10,tanh,0.0005,0.9,80000,200,100,1.0,0.45210936665534973,0.4521007537841797,6381.423942565918,126.7218406200409,6508.145783185959,42
ch6_wave44,5,10,tanh,5e-05,0.9,80000,200,100,1.0,0.4626097083091736,0.4626101553440094,10402.292427539825,130.8951632976532,10533.187590837479,42
ch6_wave44,5,50,sin,0.05,0.9,80000,200,100,1.0,1.0352816581726074,0.972987711429596,3895.7876200675964,144.34209632873535,4040.129716396332,42
ch6_wave44,5,50,sin,0.005,0.9,80000,200,100,1.0,0.39031344652175903,0.0965363085269928,6393.764899015427,979.52969622612,7373.294595241547,42
ch6_wave44,5,50,sin,0.0005,0.9,80000,200,100,1.0,0.3383926749229431,0.09030160307884216,4057.604103565216,659.8346076011658,4717.438711166382,42
ch6_wave44,5,50,sin,5e-05,0.9,80000,200,100,1.0,0.3690139651298523,0.3211154043674469,6661.706253051758,912.0223896503448,7573.728642702103,42
ch6_wave44,5,50,swish,0.05,0.9,80000,200,100,1.0,0.4101979434490204,0.2904092073440552,6523.890900373459,552.1018936634064,7075.992794036865,42
ch6_wave44,5,50,swish,0.005,0.9,80000,200,100,1.0,0.38912177085876465,0.3056412935256958,9273.074551582336,339.77278995513916,9612.847341537476,42
ch6_wave44,5,50,swish,0.0005,0.9,80000,200,100,1.0,0.43159425258636475,0.36119163036346436,8342.443501234055,590.0679833889008,8932.511484622955,42
ch6_wave44,5,50,swish,5e-05,0.9,80000,200,100,1.0,0.45264625549316406,0.4059264361858368,9967.429993152618,462.4675431251526,10429.897536277771,42
ch6_wave44,5,50,tanh,0.05,0.9,80000,200,100,1.0,1.0649043321609497,1.0643078088760376,12585.075088977814,4.063474178314209,12589.138563156128,42
ch6_wave44,5,50,tanh,0.005,0.9,80000,200,100,1.0,0.3711753487586975,0.17104187607765198,3561.8639574050903,573.0127310752869,4134.876688480377,42
ch6_wave44,5,50,tanh,0.0005,0.9,80000,200,100,1.0,0.3858790397644043,0.33555448055267334,13424.498044967651,166.52857875823975,13591.026623725891,42
ch6_wave44,5,50,tanh,5e-05,0.9,80000,200,100,1.0,0.4168436527252197,0.4168538451194763,3536.556329727173,58.43082022666931,3594.987149953842,42
ch6_helm3_la500,2,10,sin,0.05,0.9,80000,200,100,500.0,1.0059690475463867,1.00592041015625,4018.6670792102814,19.93969416618347,4038.606773376465,42
ch6_helm3_la500,2,10,sin,0.005,0.9,80000,200,100,500.0,1.0110582113265991,1.0110365152359009,4269.054882764816,16.08684992790222,4285.1417326927185,42
ch6_helm3_la500,2,10,sin,0.0005,0.9,80000,200,100,500.0,1.0059257745742798,1.0059256553649902,3725.9147901535034,91.48671507835388,3817.4015052318573,42
ch6_helm3_la500,2,10,sin,5e-05,0.9,80000,200,100,500.0,1.0059260129928589,1.0059260129928589,5047.654816150665,12.559008836746216,5060.2138249874115,42
ch6_helm3_la500,2,10,swish,0.05,0.9,80000,200,100,500.0,1.2002595663070679,1.1777303218841553,3720.3850762844086,184.42559790611267,3904.8106741905212,42
ch6_helm3_la500,2,10,swish,0.005,0.9,80000,200,100,500.0,1.0349928140640259,1.0350279808044434,3966.590565919876,33.02043676376343,3999.6110026836395,42
ch6_helm3_la500,2,10,swish,0.0005,0.9,80000,200,100,500.0,1.017547845840454,1.0175492763519287,4439.12574839592,20.219316720962524,4459.345065116882,42
ch6_helm3_la500,2,10,swish,5e-05,0.9,80000,200,100,500.0,1.0059442520141602,1.0059442520141602,4231.674999475479,21.22718906402588,4252.902188539505,42
ch6_helm3_la500,2,10,tanh,0.05,0.9,80000,200,100,500.0,1.0505967140197754,1.069108009338379,4469.464495182037,21.893678188323975,4491.358173370361,42
ch6_helm3_la500,2,10,tanh,0.005,0.9,80000,200,100,500.0,1.0873992443084717,1.0874289274215698,4864.194103717804,10.94721531867981,4875.141319036484,42
ch6_helm3_la500,2,10,tanh,0.0005,0.9,80000,200,100,500.0,1.1243516206741333,1.1243655681610107,4669.5989146232605,8.607210397720337,4678.206125020981,42
ch6_helm3_la500,2,10,tanh,5e-05,0.9,80000,200,100,500.0,1.02016282081604,1.1165257692337036,3344.9427666664124,328.2662949562073,3673.2090616226196,42
ch6_helm3_la500,2,50,sin,0.05,0.9,80000,200,100,500.0,1.0006479024887085,1.0000001192092896,3572.9466774463654,31.075815439224243,3604.0224928855896,42
ch6_helm3_la500,2,50,sin,0.005,0.9,80000,200,100,500.0,1.0059305429458618,1.0059165954589844,3929.435979127884,23.71538734436035,3953.1513664722443,42
ch6_helm3_la500,2,50,sin,0.0005,0.9,80000,200,100,500.0,1.0059213638305664,1.0059211254119873,3042.045658826828,66.23603773117065,3108.2816965579987,42
ch6_helm3_la500,2,50,sin,5e-05,0.9,80000,200,100,500.0,1.0059303045272827,1.0059303045272827,2571.2743990421295,27.461270570755005,2598.7356696128845,42
ch6_helm3_la500,2,50,swish,0.05,0.9,80000,200,100,500.0,1.2200309038162231,1.1498463153839111,2972.9384229183197,322.21975779533386,3295.1581807136536,42
ch6_helm3_la500,2,50,swish,0.005,0.9,80000,200,100,500.0,1.0059386491775513,1.0059382915496826,4336.829548120499,20.272624492645264,4357.102172613144,42
ch6_helm3_la500,2,50,swish,0.0005,0.9,80000,200,100,500.0,1.01077139377594,1.0107734203338623,3522.300247192383,40.7871515750885,3563.0873987674713,42
ch6_helm3_la500,2,50,swish,5e-05,0.9,80000,200,100,500.0,1.0059601068496704,1.0059599876403809,3983.7934074401855,23.20547842979431,4006.99888586998,42
ch6_helm3_la500,2,50,tanh,0.05,0.9,80000,200,100,500.0,1.1701161861419678,0.9988995790481567,2533.9809787273407,937.8019227981567,3471.7829015254974,42
ch6_helm3_la500,2,50,tanh,0.005,0.9,80000,200,100,500.0,1.2922402620315552,1.1193621158599854,4949.454798698425,58.363264083862305,5007.818062782288,42
ch6_helm3_la500,2,50,tanh,0.0005,0.9,80000,200,100,500.0,1.1604962348937988,0.7338635921478271,4555.6788012981415,126.95651173591614,4682.635313034058,42
ch6_helm3_la500,2,50,tanh,5e-05,0.9,80000,200,100,500.0,1.0085564851760864,1.0085561275482178,4783.051182508469,12.260475158691406,4795.31165766716,42
ch6_helm3_la500,5,10,sin,0.05,0.9,80000,200,100,500.0,0.4922845959663391,0.038946930319070816,8636.175171852112,299.269793510437,8935.444965362549,42
ch6_helm3_la500,5,10,sin,0.005,0.9,80000,200,100,500.0,0.10244204849004745,0.021183259785175323,7685.316696405411,337.1660096645355,8022.482706069946,42
ch6_helm3_la500,5,10,sin,0.0005,0.9,80000,200,100,500.0,0.17749489843845367,0.1776355504989624,6883.883245944977,25.7898268699646,6909.673072814941,42
ch6_helm3_la500,5,10,sin,5e-05,0.9,80000,200,100,500.0,1.173255205154419,0.33640262484550476,2669.4047400951385,942.032354593277,3611.4370946884155,42
ch6_helm3_la500,5,10,swish,0.05,0.9,80000,200,100,500.0,0.23545530438423157,0.044709350913763046,4138.01371884346,710.4636726379395,4848.4773914813995,42
ch6_helm3_la500,5,10,swish,0.005,0.9,80000,200,100,500.0,0.07971072942018509,0.027464695274829865,9957.314739465714,137.7361376285553,10095.050877094269,42
ch6_helm3_la500,5,10,swish,0.0005,0.9,80000,200,100,500.0,0.7221874594688416,0.7221786379814148,7508.506055116653,27.81084895133972,7536.316904067993,42
ch6_helm3_la500,5,10,swish,5e-05,0.9,80000,200,100,500.0,1.0076473951339722,1.5054113864898682,6248.157088279724,461.130322933197,6709.287411212921,42
ch6_helm3_la500,5,10,tanh,0.05,0.9,80000,200,100,500.0,0.7347156405448914,0.2548348605632782,10026.437108039856,111.93647718429565,10138.373585224152,42
ch6_helm3_la500,5,10,tanh,0.005,0.9,80000,200,100,500.0,0.7201694250106812,0.20472735166549683,9406.08602809906,192.41749095916748,9598.503519058228,42
ch6_helm3_la500,5,10,tanh,0.0005,0.9,80000,200,100,500.0,1.1350077390670776,1.1500988006591797,2527.8502435684204,928.5481939315796,3456.3984375,42
ch6_helm3_la500,5,10,tanh,5e-05,0.9,80000,200,100,500.0,0.8915831446647644,0.8974246978759766,5583.09241271019,533.74866771698,6116.84108042717,42
ch6_helm3_la500,5,50,sin,0.05,0.9,80000,200,100,500.0,1.0776500701904297,0.13683167099952698,4210.038748502731,534.0013082027435,4744.040056705475,42
ch6_helm3_la500,5,50,sin,0.005,0.9,80000,200,100,500.0,0.036215730011463165,0.008408903144299984,7351.6720933914185,694.9616613388062,8046.633754730225,42
ch6_helm3_la500,5,50,sin,0.0005,0.9,80000,200,100,500.0,0.009326106868684292,0.000737610796932131,9000.725322246552,444.82715606689453,9445.552478313446,42
ch6_helm3_la500,5,50,sin,5e-05,0.9,80000,200,100,500.0,0.005591587163507938,0.00542907789349556,4527.105078458786,79.85504150390625,4606.960119962692,42
ch6_helm3_la500,5,50,swish,0.05,0.9,80000,200,100,500.0,0.04695885628461838,0.005225792061537504,5209.869337797165,354.7628502845764,5564.632188081741,42
ch6_helm3_la500,5,50,swish,0.005,0.9,80000,200,100,500.0,0.019302835687994957,0.0030717928893864155,5873.788975715637,155.83794474601746,6029.626920461655,42
ch6_helm3_la500,5,50,swish,0.0005,0.9,80000,200,100,500.0,0.3132100999355316,0.036991290748119354,5308.774455785751,534.8680284023285,5843.64248418808,42
ch6_helm3_la500,5,50,swish,5e-05,0.9,80000,200,100,500.0,1.1478320360183716,0.9363172650337219,5709.419023990631,761.0084714889526,6470.427495479584,42
ch6_helm3_la500,5,50,tanh,0.05,0.9,80000,200,100,500.0,1.0158272981643677,1.0,3973.305452823639,50.300548791885376,4023.6060016155243,42
ch6_helm3_la500,5,50,tanh,0.005,0.9,80000,200,100,500.0,0.15335950255393982,0.010774199850857258,6869.958213329315,909.0526070594788,7779.010820388794,42
ch6_helm3_la500,5,50,tanh,0.0005,0.9,80000,200,100,500.0,1.0396970510482788,0.03978152945637703,9950.281682014465,295.41776752471924,10245.699449539185,42
ch6_helm3_la500,5,50,tanh,5e-05,0.9,80000,200,100,500.0,1.3707491159439087,0.02296518161892891,5643.34854221344,690.5823757648468,6333.930917978287,42
ns2d,2,10,sin,0.05,0.9,80000,200,,,0.6922435821041614,0.7356350220698079,822.7441992759705,22.290388107299805,845.0345873832703,42
ns2d,2,10,sin,0.005,0.9,80000,200,,,0.6813659402153861,0.6816074799101075,818.5133399963379,11.145066261291504,829.6584062576294,42
ns2d,2,10,sin,0.0005,0.9,80000,200,,,0.6481783674484676,0.6485142832477625,820.1711719036102,11.617826223373413,831.7889981269836,42
ns2d,2,10,sin,5e-05,0.9,80000,200,,,0.6797979721393366,0.6798171128230851,865.7058212757111,2.236316680908203,867.9421379566193,42
ns2d,2,10,swish,0.05,0.9,80000,200,,,0.7061267149234419,0.7066325185965538,1279.035074710846,43.32834339141846,1322.3634181022644,42
ns2d,2,10,swish,0.005,0.9,80000,200,,,0.6702933891862393,0.6686776291029967,1245.0683727264404,17.142945289611816,1262.2113180160522,42
ns2d,2,10,swish,0.0005,0.9,80000,200,,,0.6694824571944423,0.6696407265819857,1323.451058626175,3.9445104598999023,1327.3955690860748,42
ns2d,2,10,swish,5e-05,0.9,80000,200,,,0.7091706725109862,0.7091706725109862,1324.5616302490234,26.521267890930176,1351.0828981399536,42
ns2d,2,10,tanh,0.05,0.9,80000,200,,,0.677201462018867,0.6664679976259051,897.4980118274689,29.578683853149414,927.0766956806183,42
ns2d,2,10,tanh,0.005,0.9,80000,200,,,0.6812837286115908,0.6815670817809288,1026.501224040985,20.54387593269348,1047.0450999736786,42
ns2d,2,10,tanh,0.0005,0.9,80000,200,,,0.6692381795922628,0.6693252203064953,922.3209006786346,12.307705402374268,934.6286060810089,42
ns2d,2,10,tanh,5e-05,0.9,80000,200,,,0.6869307112587604,0.686935272925671,915.9233939647675,2.3232853412628174,918.2466793060303,42
ns2d,2,50,sin,0.05,0.9,80000,200,,,0.4585715087964503,0.3599463547838594,893.7673187255859,92.50302982330322,986.2703485488892,42
ns2d,2,50,sin,0.005,0.9,80000,200,,,0.5914909505609378,0.593247817215684,876.4619541168213,50.0490140914917,926.510968208313,42
ns2d,2,50,sin,0.0005,0.9,80000,200,,,0.38087776787943073,0.3803725026411571,1062.8539357185364,16.25206208229065,1079.105997800827,42
ns2d,2,50,sin,5e-05,0.9,80000,200,,,0.4074583017776972,0.3933094303881384,801.848197221756,88.33954310417175,890.1877403259277,42
ns2d,2,50,swish,0.05,0.9,80000,200,,,0.5534229203577564,0.495431523502555,1222.4809067249298,103.85243034362793,1326.3333370685577,42
ns2d,2,50,swish,0.005,0.9,80000,200,,,0.48556976678287234,0.4716644473116064,1203.880763053894,111.26007914543152,1315.1408421993256,42
ns2d,2,50,swish,0.0005,0.9,80000,200,,,0.496094540354648,0.4408276122096076,1240.9789156913757,110.87963199615479,1351.8585476875305,42
ns2d,2,50,swish,5e-05,0.9,80000,200,,,0.5626730878095689,0.5099975271949728,1240.1038315296173,114.4920220375061,1354.5958535671234,42
ns2d,2,50,tanh,0.05,0.9,80000,200,,,0.5296569075941151,0.4600491693687701,997.3532314300537,106.06424856185913,1103.4174799919128,42
ns2d,2,50,tanh,0.005,0.9,80000,200,,,0.4420974556581143,0.434027196923755,909.5734655857086,96.23710823059082,1005.8105738162994,42
ns2d,2,50,tanh,0.0005,0.9,80000,200,,,0.4227403357008699,0.4235263091462595,889.0978796482086,14.62325119972229,903.7211308479309,42
ns2d,2,50,tanh,5e-05,0.9,80000,200,,,0.5117993744991491,0.4783912095474649,936.3013610839844,95.19333171844482,1031.4946928024292,42
ns2d,5,10,sin,0.05,0.9,80000,200,,,0.18617060150593503,0.07390003177835261,3207.2360677719116,220.0544650554657,3427.2905328273773,42
ns2d,5,10,sin,0.005,0.9,80000,200,,,0.09093302958136962,0.06605615501963555,3113.9029891490936,217.3473892211914,3331.250378370285,42
ns2d,5,10,sin,0.0005,0.9,80000,200,,,0.16078199269620455,0.16010372010802928,3275.2051963806152,9.975361824035645,3285.180558204651,42
ns2d,5,10,sin,5e-05,0.9,80000,200,,,0.18235232279693805,0.18249147205614502,3194.3006570339203,8.841561555862427,3203.1422185897827,42
ns2d,5,10,swish,0.05,0.9,80000,200,,,0.3799901184441488,0.31323222527767175,5573.044634819031,366.8587558269501,5939.903390645981,42
ns2d,5,10,swish,0.005,0.9,80000,200,,,0.27161513869368376,0.26104842040682474,5508.640344142914,354.6285684108734,5863.268912553787,42
ns2d,5,10,swish,0.0005,0.9,80000,200,,,0.3990431236820022,0.27865112046033425,5319.002822875977,345.78125834465027,5664.784081220627,42
ns2d,5,10,swish,5e-05,0.9,80000,200,,,0.33071014585384606,0.24897273388839544,6451.3846526145935,442.47674441337585,6893.861397027969,42
ns2d,5,10,tanh,0.05,0.9,80000,200,,,0.2948070129871167,0.24356010279794427,3285.01016831398,235.85891890525818,3520.8690872192383,42
ns2d,5,10,tanh,0.005,0.9,80000,200,,,0.2346252778105001,0.20969486428104042,3116.933050632477,223.12083768844604,3340.053888320923,42
ns2d,5,10,tanh,0.0005,0.9,80000,200,,,0.2116982853129513,0.1974164246987271,3192.6845803260803,226.4997045993805,3419.184284925461,42
ns2d,5,10,tanh,5e-05,0.9,80000,200,,,0.3336731848889149,0.33360592167217523,3157.067090511322,39.96065354347229,3197.0277440547943,42
ns2d,5,50,sin,0.05,0.9,80000,200,,,0.2124142504892237,0.025643204840658174,3453.109824180603,240.46235370635986,3693.572177886963,42
ns2d,5,50,sin,0.005,0.9,80000,200,,,0.03196947055486976,0.02125656169122523,3704.293894290924,69.38222408294678,3773.676118373871,42
ns2d,5,50,sin,0.0005,0.9,80000,200,,,0.02638834355350218,0.023248152767458483,3853.343869447708,11.986770153045654,3865.330639600754,42
ns2d,5,50,sin,5e-05,0.9,80000,200,,,0.0376619668547191,0.037893514204135434,3251.6363248825073,8.47337532043457,3260.109700202942,42
ns2d,5,50,swish,0.05,0.9,80000,200,,,2303343.739457341,2303567.667862366,5406.279693841934,55.344178915023804,5461.623872756958,42
ns2d,5,50,swish,0.005,0.9,80000,200,,,0.019782533312870568,0.015791680327107583,5545.300264120102,27.561805725097656,5572.8620698452,42
ns2d,5,50,swish,0.0005,0.9,80000,200,,,0.07116291416186141,0.039074911772626834,5426.570774078369,353.2310166358948,5779.801790714264,42
ns2d,5,50,swish,5e-05,0.9,80000,200,,,0.06456795126961692,0.05286349445836973,5508.67969083786,353.9298737049103,5862.60956454277,42
ns2d,5,50,tanh,0.05,0.9,80000,200,,,0.777775090736389,0.777775090736389,3100.2699422836304,7.662814378738403,3107.932756662369,42
ns2d,5,50,tanh,0.005,0.9,80000,200,,,0.04566911888961384,0.01886420260574464,3249.935888528824,43.0863676071167,3293.0222561359406,42
ns2d,5,50,tanh,0.0005,0.9,80000,200,,,0.047079215623140803,0.03474406618105835,3303.2969422340393,233.79706263542175,3537.094004869461,42
ns2d,5,50,tanh,5e-05,0.9,80000,200,,,0.06899844716922746,0.038460272557181784,3856.5104093551636,275.88957166671753,4132.399981021881,42
