pde,trial,d_hidden,d_model,mapping_size,n_params,lbfgs_iters,final_rrmse,final_rmae,train_time,seed
pde1,0,256,16,96,148895,1000,0.003501886247513581,0.003140080206533326,1344.7674345970154,42
pde1,1,768,16,128,683935,1000,0.002943695131140275,0.002620232367616647,2084.6158335208893,42
pde1,2,128,64,16,142799,1000,0.0011933827989671093,0.0010655300826087537,1136.1570608615875,42
pde1,3,768,128,32,896911,1000,0.00471611741440179,0.0042215608143653105,2263.5643248558044,42
pde1,4,256,32,96,167471,1000,0.003963024641856763,0.0035599494873586584,1080.2109479904175,42
pde1,5,512,64,48,418383,1000,0.002767604084484731,0.002482220523027425,1479.2571904659271,42
pde1,6,768,16,32,680863,1000,0.004247427527463643,0.003746326020148268,2039.5257513523102,42
pde1,7,128,32,80,112815,1000,0.002866786418405776,0.002488972203265596,1195.5224032402039,42
pde1,8,512,64,80,422479,1000,0.0023771889911444674,0.0020664109129216453,1466.497606754303,42
pde1,9,512,32,16,367919,1000,0.0037969087822026172,0.003455527342460347,1503.1363170146942,42
pde1,10,768,64,48,763215,1000,0.002994278373405152,0.002536068785624995,2317.784563302994,42
pde1,11,512,128,32,535695,1000,0.0019401947559954781,0.0017921025292148987,1686.2899618148804,42
pde1,12,768,64,96,769359,1000,0.003854699661908767,0.0034575491373604094,2099.3707756996155,42
pde1,13,128,16,32,95263,1000,0.002865397446555509,0.002628797223857258,1184.9245519638062,42
pde1,14,256,128,112,326031,1000,0.0017152764334611278,0.0015372098587130092,1418.74218916893,42
pde1,15,128,16,48,95775,1000,0.0037435013529723577,0.0032655947196180072,1281.262467622757,42
pde1,16,512,32,80,372015,1000,0.0031200702359611755,0.0027465422167113436,1468.0696759223938,42
pde1,17,128,16,96,97311,1000,0.0036193875825396887,0.0029204705551569483,1235.43510556221,42
pde1,18,256,32,112,168495,1000,0.004358550778196454,0.003953133307175736,1381.7922468185425,42
pde1,19,512,32,112,374063,1000,0.0033320461290477347,0.002988331577555429,1593.3574452400208,42
pde1,20,128,128,32,239631,1000,0.0025686207652817834,0.002382220237316715,1171.9931800365448,42
pde1,21,512,64,128,428623,1000,0.0020038168930853607,0.0017912044031623585,1661.9562644958496,42
pde1,22,512,64,96,424527,1000,0.00297036849430738,0.002846283541240109,1628.127158164978,42
pde1,23,128,64,112,155087,1000,0.001755891271074866,0.0015421105028775985,1178.8746070861816,42
pde1,24,256,32,32,163375,1000,0.0026341268617875923,0.0023732881986626405,1222.3847334384918,42
pde1,25,512,128,96,552079,1000,0.0025648140361545745,0.0023372485413643137,1748.1892139911652,42
pde1,26,128,64,80,150991,1000,0.0036233199387948776,0.0030606416633480542,1224.3703157901764,42
pde1,27,768,64,16,759119,1000,0.003807140821432503,0.0034437065992255415,2402.8818261623383,42
pde1,28,768,128,48,901007,1000,0.0017231861083223934,0.00154048491031939,2300.825129032135,42
pde1,29,256,16,64,147871,1000,0.003130389388043084,0.0028669140409052934,1343.0749998092651,42
pde1,30,256,16,48,147359,1000,0.003817371183768128,0.0034299295079275698,1433.6513769626617,42
pde1,31,256,32,16,162351,1000,0.0027749995480500843,0.002420992757369479,1210.515317440033,42
pde1,32,512,64,112,426575,1000,0.00229561509439942,0.002085783085925689,1621.7709832191467,42
pde1,33,256,64,80,208719,1000,0.002397338909056625,0.0021411732451640034,1363.8252301216125,42
pde1,34,256,64,128,214863,1000,0.002872792435360988,0.0025881309039339885,1468.5870645046234,42
pde1,35,512,16,16,347807,1000,0.003023321230436539,0.002534748944272881,1648.5098989009857,42
pde1,36,512,128,128,560271,1000,0.002406423004099765,0.0021652256891937943,1835.2595074176788,42
pde1,37,128,64,64,148943,1000,0.0022841501277060436,0.002070717443953147,1179.7245678901672,42
pde1,38,256,64,16,200527,1000,0.002522009151827791,0.0022353096093594964,1333.7528710365295,42
pde1,39,256,16,112,149407,1000,0.0026700797236636226,0.002455715981335241,1357.0405082702637,42
pde1,40,256,128,16,301455,1000,0.0025135041312025776,0.0022705809767430106,1409.566356420517,42
pde1,41,128,16,16,94751,1000,0.006956861141982003,0.005971541541270164,1193.7299208641052,42
pde1,42,768,128,112,917391,1000,0.0028991079166338918,0.002591927024945062,2230.8333280086517,42
pde1,43,768,16,64,681887,1000,0.003416453564526775,0.0030511920002114757,2015.8631813526154,42
pde1,44,128,32,48,110767,1000,0.002429787977192187,0.002225409820446953,1416.843007326126,42
pde1,45,512,16,112,350879,1000,0.003288788159891527,0.0031079108288375964,1547.4345383644104,42
pde1,46,256,16,128,149919,1000,0.002868653599695478,0.002590425653274898,1292.4986312389374,42
pde1,47,768,16,96,682911,1000,0.0033547387755693218,0.0029202996145586495,1818.4523587226868,42
pde2,0,512,32,16,367919,1000,0.006277717793238277,0.0029473466280797124,401.4264626502991,42
pde2,1,768,32,80,708655,1000,0.00793812426767715,0.0036450930719269022,504.32998394966125,42
pde2,2,256,128,96,321935,1000,0.004040988643606828,0.0018281745878210368,310.62985467910767,42
pde2,3,128,64,112,155087,1000,0.0049821761955685185,0.0024254691482981264,295.2990038394928,42
pde2,4,512,16,80,349855,1000,0.00981202003306908,0.004065686285966796,405.4797441959381,42
pde2,5,768,32,128,711727,1000,0.004363925399154425,0.0016926001455732037,503.0763421058655,42
pde2,6,128,64,48,146895,1000,0.005329987919380597,0.0026596067030869733,264.02304887771606,42
pde2,7,256,16,16,146335,1000,0.0061842942278976945,0.0031138263749813763,453.81149196624756,42
pde2,8,256,32,96,167471,1000,0.005346896375710813,0.0023730083003892745,263.0851790904999,42
pde2,9,512,16,32,348319,1000,0.007518261205769572,0.0034718216210737596,450.16712617874146,42
pde2,10,128,128,32,239631,1000,0.0054457597987021,0.0025278742029997484,293.7881863117218,42
pde2,11,128,64,64,148943,1000,0.005307273404567339,0.001888314407797576,274.1695339679718,42
pde2,12,768,16,16,680351,1000,0.00826569635231648,0.004157319342869529,886.7045137882233,42
pde2,13,512,128,16,531599,1000,0.01350836732854771,0.0070748878461100225,451.5166862010956,42
pde2,14,128,64,128,157135,1000,0.004722982969490506,0.002423884478530276,285.1355495452881,42
pde2,15,128,64,96,153039,1000,0.004485613767220214,0.0021597968443274078,270.9965054988861,42
pde2,16,768,16,128,683935,1000,0.0013523409842529537,0.0007378000223257645,537.4508216381073,42
pde2,17,128,16,32,95263,1000,0.008696883946281547,0.003379166613917267,282.6199038028717,42
pde2,18,128,32,128,115887,1000,0.005133248456261836,0.0018802747724555849,291.2264575958252,42
pde2,19,768,128,128,921487,1000,0.009808912446179293,0.003989624837385154,519.5095324516296,42
pde2,20,128,32,32,109743,1000,0.003281614139276585,0.0015065930683307673,261.8767764568329,42
pde2,21,512,128,48,539791,1000,0.007044448557361551,0.003346233554154119,373.7038207054138,42
pde2,22,512,16,16,347807,1000,0.013943116532038528,0.00650182143523644,555.0874276161194,42
pde2,23,256,64,32,202575,1000,0.00912700431427418,0.004242574953641388,292.11118602752686,42
pde2,24,768,64,64,765263,1000,0.0048895972290177395,0.0023632392115650147,526.545571565628,42
pde2,25,256,128,80,317839,1000,0.002360877028268362,0.0012431991602544186,318.9642143249512,42
pde2,26,128,32,48,110767,1000,0.008989205585303021,0.003342471835811886,260.92226457595825,42
pde2,27,256,32,32,163375,1000,0.007288229486829291,0.0035784681354460333,294.960088968277,42
pde2,28,512,128,32,535695,1000,0.0075322589241260795,0.0038036658979374756,430.5303997993469,42
pde2,29,512,32,96,373039,1000,0.004441369550374824,0.0019720017331693145,391.63879776000977,42
pde2,30,512,128,128,560271,1000,0.0054471679412103945,0.0026271264839676355,390.31173062324524,42
pde2,31,768,128,48,901007,1000,0.006932984270839029,0.00347936412667341,578.8190505504608,42
pde2,32,256,32,48,164399,1000,0.0049430319427724535,0.0021021204094086618,278.44475769996643,42
pde2,33,512,128,64,543887,1000,0.006703504317072758,0.0026281431875086548,387.236230134964,42
pde2,34,512,32,32,368943,1000,0.00737727755201191,0.003039111389352877,417.8085181713104,42
pde2,35,768,128,32,896911,1000,0.005856744886222106,0.0026107632070725057,540.8638458251953,42
pde2,36,768,32,64,707631,1000,0.013660836716736853,0.005841679726216724,489.76794052124023,42
pde2,37,768,64,80,767311,1000,0.008489039127980725,0.003179006790253446,497.5171711444855,42
pde2,38,128,16,16,94751,1000,0.009201241801464723,0.003967977446959999,322.52667927742004,42
pde2,39,512,16,112,350879,1000,0.008595061525628679,0.0038178595915674776,395.04004859924316,42
pde2,40,512,64,32,416335,1000,0.007991560516011126,0.004183172243224464,461.26865577697754,42
pde2,41,256,32,112,168495,1000,0.008166832714794568,0.003372417808565639,280.3946843147278,42
pde2,42,128,16,128,98335,1000,0.009991421787608562,0.0037938686180338196,268.5694577693939,42
pde2,43,768,32,48,706607,1000,0.007707314706716225,0.002981987646355398,596.8285994529724,42
pde2,44,256,64,96,210767,1000,0.003044571285683299,0.0014056014301248214,319.40802526474,42
pde2,45,512,64,48,418383,1000,0.009059973933994587,0.004281875393718327,379.47306060791016,42
pde2,46,256,32,64,165423,1000,0.0014099455416167678,0.0006730607265711811,336.03787446022034,42
pde2,47,128,128,80,251919,1000,0.001961245633865738,0.0009923057982448448,286.32533979415894,42
pde3,0,512,128,80,547983,1000,0.0002557249937089583,,1175.044542312622,42
pde3,1,256,64,16,200527,1000,0.00030643970723310686,,768.1589667797089,42
pde3,2,256,32,16,162351,1000,0.00047323333116979757,,630.5867683887482,42
pde3,3,256,64,112,212815,1000,0.0002481065593394955,,745.412712097168,42
pde3,4,128,64,48,146895,1000,0.00025100984222597034,,654.8438580036163,42
pde3,5,256,32,128,169519,1000,0.00022627734753233406,,711.3198401927948,42
pde3,6,768,64,32,761167,1000,0.0003295685270771679,,1336.564033985138,42
pde3,7,512,128,64,543887,1000,0.00020057868616547896,,1122.5462491512299,42
pde3,8,512,64,80,422479,1000,0.00022621429567650918,,1060.5881552696228,42
pde3,9,256,16,80,148383,1000,0.0002920012770178366,,733.6879200935364,42
pde3,10,512,64,112,426575,1000,0.00024387626250607845,,1088.94868850708,42
pde3,11,128,128,32,239631,1000,0.00033709734286351716,,723.9275593757629,42
pde3,12,256,128,80,317839,1000,0.0003012029746594217,,942.4128510951996,42
pde3,13,768,64,16,759119,1000,0.0003083425116419423,,1307.3361585140228,42
pde3,14,512,16,96,350367,1000,0.00044145170016280673,,904.4645471572876,42
pde3,15,256,16,96,148895,1000,0.0004161956496732944,,701.4172563552856,42
pde3,16,512,64,48,418383,1000,0.0002953500949738572,,929.4061954021454,42
pde3,17,512,32,32,368943,1000,0.00024154921531510104,,1006.1664836406708,42
pde3,18,256,64,64,206671,1000,0.0002086261651895057,,772.8251554965973,42
pde3,19,768,32,64,707631,1000,0.00026473317590404113,,1422.5774941444397,42
pde3,20,512,16,48,348831,1000,0.00032583849280756516,,896.9150712490082,42
pde3,21,128,64,112,155087,1000,0.0002114727588633488,,661.9442203044891,42
pde3,22,128,16,128,98335,1000,0.00031283561257634633,,650.4800577163696,42
pde3,23,128,32,128,115887,1000,0.00028437157497932495,,634.8076639175415,42
pde3,24,128,128,80,251919,1000,0.00018755477073938338,,711.2623314857483,42
pde3,25,768,64,64,765263,1000,0.0002109572383104383,,1375.374487400055,42
pde3,26,512,128,96,552079,1000,0.00021345643367305168,,1161.9619784355164,42
pde3,27,256,16,48,147359,1000,0.00032450543566702687,,682.1961069107056,42
pde3,28,768,128,64,905103,1000,0.00021510455728319353,,1603.3458433151245,42
pde3,29,768,16,80,682399,1000,0.0004250617844373482,,1290.4382662773132,42
pde3,30,128,32,32,109743,1000,0.00028936641130620626,,568.3275148868561,42
pde3,31,512,16,128,351391,1000,0.0003258188736875851,,842.4288876056671,42
pde3,32,768,128,80,909199,1000,0.00019721176407476126,,1421.6174323558807,42
pde3,33,256,128,96,321935,1000,0.0002317278583750279,,820.2139637470245,42
pde3,34,128,64,128,157135,1000,0.0002481416287057857,,668.9321804046631,42
pde3,35,128,16,112,97823,1000,0.00021751032709547348,,589.3030209541321,42
pde3,36,128,128,112,260111,1000,0.0002566953685182019,,733.2091524600983,42
pde3,37,512,32,80,372015,1000,0.0002676978488035236,,761.2125911712646,42
pde3,38,768,16,96,682911,1000,0.0005815653451637866,,1458.0074923038483,42
pde3,39,512,32,96,373039,1000,0.00025127529793964737,,976.6628816127777,42
pde3,40,256,64,32,202575,1000,0.000290362847746669,,805.519957780838,42
pde3,41,512,32,16,367919,1000,0.0003519294202034187,,1190.7828006744385,42
pde3,42,768,16,128,683935,1000,0.0004832378073217784,,1352.911818265915,42
pde3,43,512,64,64,420431,1000,0.0003210685481337273,,928.9966230392456,42
pde3,44,128,32,16,108719,1000,0.00035207840782045777,,540.0169062614441,42
pde3,45,256,16,128,149919,1000,0.00034549175364399667,,703.2525722980499,42
pde3,46,128,128,16,235535,1000,0.000308793816206188,,620.3600986003876,42
pde3,47,128,64,96,153039,1000,0.0002714264141326404,,680.7088112831116,42
pde4,0,512,32,48,369967,1000,0.01704432083352338,0.01695425717204192,4753.30784702301,42
pde4,1,128,128,96,256015,1000,0.004691557939887871,0.004562968748427772,3898.097294807434,42
pde4,2,256,128,96,321935,1000,0.003732150407182607,0.0035633888759285357,4024.348973751068,42
pde4,3,128,32,80,112815,1000,0.007545559347293777,0.0071435646036488495,3419.9905235767365,42
pde4,4,768,64,32,761167,1000,0.008163767323792972,0.007947139696973408,6080.039834022522,42
pde4,5,256,16,96,148895,1000,0.019376332119892637,0.018786175814990543,3277.1261801719666,42
pde4,6,128,64,32,144847,1000,0.004416572089735462,0.004264718409317675,3311.8683745861053,42
pde4,7,256,128,64,313743,1000,0.004501527311264538,0.0042764011418816444,4786.157806396484,42
pde4,8,768,128,80,909199,1000,0.005869683513968889,0.0055230654786284535,7631.00053691864,42
pde4,9,256,64,64,206671,1000,0.0078072262076028355,0.007343194717731018,4086.126033306122,42
pde4,10,128,64,48,146895,1000,0.004738159845027848,0.004451652199827167,3324.8730170726776,42
pde4,11,512,16,80,349855,1000,0.013194571892846575,0.012788961644081604,4596.593901157379,42
pde4,12,512,128,112,556175,1000,0.004450804457048618,0.004298993895147186,5764.93200469017,42
pde4,13,256,32,32,163375,1000,0.01037458110036169,0.009761361341096949,3505.7699387073517,42
pde4,14,256,32,64,165423,1000,0.0072778304320475105,0.007041493997999834,3446.6924102306366,42
pde4,15,256,32,128,169519,1000,0.00984312070852035,0.009416206050331043,3841.731995344162,42
pde4,16,768,128,16,892815,1000,0.004436737679737593,0.0041142489266090656,7338.177320718765,42
pde4,17,768,64,80,767311,1000,0.007159102617963284,0.006767771209381912,6999.126390457153,42
pde4,18,128,128,32,239631,1000,0.0056171523262933225,0.005355691974081794,4084.1215965747833,42
pde4,19,512,128,96,552079,1000,0.004779531612755732,0.0046058267664438,5904.406482696533,42
pde4,20,768,16,64,681887,1000,0.02427643635912085,0.02380394311483455,6299.941631793976,42
pde4,21,512,64,96,424527,1000,0.00945623520284698,0.009126602388581472,4949.169075965881,42
pde4,22,128,32,48,110767,1000,0.015326421293564539,0.014422797644135961,3466.498736858368,42
pde4,23,256,64,80,208719,1000,0.0046750120670591006,0.004401164613981359,3892.114982843399,42
pde4,24,512,32,80,372015,1000,0.005070686058031919,0.004986381730196285,4269.973500013351,42
pde4,25,128,32,128,115887,1000,0.007696177755897558,0.007313377638506942,3000.9004464149475,42
pde4,26,512,16,64,349343,1000,0.02027662027209647,0.019072838374367553,4663.842650175095,42
pde4,27,512,32,32,368943,1000,0.012119135035537007,0.010751137979785094,4906.002405405045,42
pde4,28,512,32,128,375087,1000,0.008986910887562682,0.008372839694598736,4460.974502325058,42
pde4,29,128,32,16,108719,1000,0.009152764899792592,0.009020928097567294,2918.592714548111,42
pde4,30,768,64,96,769359,1000,0.005934050382964159,0.005727605997843151,6610.368795633316,42
pde4,31,128,16,112,97823,1000,0.02668118673636793,0.026348154037609522,2676.108943462372,42
pde4,32,256,16,64,147871,1000,0.01842695418030147,0.01758123699618065,3641.7193474769592,42
pde4,33,512,128,32,535695,1000,0.006635720321665588,0.006344167197207127,5148.64799785614,42
pde4,34,512,64,112,426575,1000,0.006384725202625455,0.006169152423772256,5231.008991718292,42
pde4,35,128,16,48,95775,1000,0.02317945980605058,0.022307915099628296,3125.691682577133,42
pde4,36,128,32,64,111791,1000,0.012468699980117173,0.011822742694754671,3272.2899672985077,42
pde4,37,128,128,128,264207,1000,0.003824874841904592,0.0036144435643980437,4286.962246417999,42
pde4,38,128,16,96,97311,1000,0.015232985064391417,0.014841619180072764,2677.2774560451508,42
pde4,39,768,32,80,708655,1000,0.005747348063776183,0.0055026275500575225,6327.208226680756,42
pde4,40,512,32,16,367919,1000,0.03568550111695535,0.034077007898651965,4716.534188985825,42
pde4,41,768,64,48,763215,1000,0.006602655464847368,0.006297134508857752,7164.873012781143,42
pde4,42,512,32,112,374063,1000,0.01094705004987331,0.010739160247242745,4818.2136924266815,42
pde4,43,256,128,112,326031,1000,0.003604674938514285,0.0035305960376677305,4540.733561515808,42
pde4,44,128,128,64,247823,1000,0.006348667003183633,0.006067796005274746,4322.459745883942,42
pde4,45,128,64,80,150991,1000,0.010155529375543267,0.009555448367264768,3688.3279983997345,42
pde4,46,128,128,112,260111,1000,0.00599956412176688,0.005780123093685837,3997.824149608612,42
pde4,47,768,16,128,683935,1000,0.01247672478050357,0.011931058327773417,6591.839303970337,42
pde5,0,256,16,16,146335,1000,0.039834006302197904,,1482.3647623062134,42
pde5,1,256,128,48,309647,1000,0.049058109371439416,,857.477246761322,42
pde5,2,128,64,96,153039,1000,0.04672618829186884,,594.2055525779724,42
pde5,3,768,32,48,706607,1000,0.050656473760589744,,2490.3911366462708,42
pde5,4,768,64,112,771407,1000,0.051246634066226704,,1469.7600765228271,42
pde5,5,512,64,16,414287,1000,0.04939442755916673,,1293.1091513633728,42
pde5,6,256,64,16,200527,1000,0.04397562020926096,,924.8846909999847,42
pde5,7,256,128,80,317839,1000,0.04305528925374513,,926.883284330368,42
pde5,8,768,16,128,683935,1000,0.05424461721019346,,2557.7571387290955,42
pde5,9,256,128,16,301455,1000,0.03937159753729892,,1097.8960723876953,42
pde5,10,128,16,16,94751,1000,0.03826313876938567,,1043.068585395813,42
pde5,11,768,128,80,909199,1000,0.04352075502465653,,1347.4016654491425,42
pde5,12,768,16,96,682911,1000,0.047913383158386925,,1934.431973695755,42
pde5,13,768,16,16,680351,1000,0.051468732006713605,,2758.2107605934143,42
pde5,14,768,128,16,892815,1000,0.04390182038683385,,1800.4151985645294,42
pde5,15,512,128,112,556175,1000,0.048282407306280146,,1157.056908607483,42
pde5,16,768,16,112,683423,1000,0.054082663182378865,,2484.769604444504,42
pde5,17,128,32,80,112815,1000,0.05059774248334428,,661.4479701519012,42
pde5,18,128,16,32,95263,1000,0.04367418809677304,,844.4318397045135,42
pde5,19,256,128,64,313743,1000,0.04418621645806309,,848.7210583686829,42
pde5,20,512,128,128,560271,1000,0.048343880191644824,,2319.9181156158447,42
pde5,21,512,128,16,531599,1000,0.04017911910998046,,1274.1666252613068,42
pde5,22,256,32,64,165423,1000,0.05454082953742236,,856.7906565666199,42
pde5,23,768,32,96,709679,1000,0.0421744901316854,,2445.846267223358,42
pde5,24,256,32,80,166447,1000,0.05132730250708155,,891.4805979728699,42
pde5,25,512,128,32,535695,1000,0.04029204278897798,,1172.5401737689972,42
pde5,26,512,32,80,372015,1000,0.05106580644106159,,1308.149240732193,42
pde5,27,128,16,112,97823,1000,0.04916012061170847,,919.6693229675293,42
pde5,28,256,128,128,330127,1000,0.04198768076083217,,875.8789496421814,42
pde5,29,128,128,96,256015,1000,0.04235800131513008,,798.4980475902557,42
pde5,30,768,128,64,905103,1000,0.04707709842465534,,1496.6125657558441,42
pde5,31,128,64,32,144847,1000,0.04493280972159182,,711.3186311721802,42
pde5,32,512,64,32,416335,1000,0.04723218827823155,,1227.4310410022736,42
pde5,33,512,128,96,552079,1000,0.048254397406020194,,1046.2608001232147,42
pde5,34,128,128,112,260111,1000,0.04411310990367084,,699.4114081859589,42
pde5,35,512,16,64,349343,1000,0.053269293193920625,,1961.9614086151123,42
pde5,36,768,128,48,901007,1000,0.046805583412084795,,1505.1693994998932,42
pde5,37,128,16,48,95775,1000,0.04677068249877684,,669.4407169818878,42
pde5,38,512,64,128,428623,1000,0.049983592373002664,,1090.8345263004303,42
pde5,39,512,16,16,347807,1000,0.04615433827474943,,1943.4242136478424,42
pde5,40,512,128,48,539791,1000,0.044383885826842426,,1045.7715964317322,42
pde5,41,512,16,32,348319,1000,0.05513439286995393,,1639.459549188614,42
pde5,42,128,32,64,111791,1000,0.04574684307207672,,791.0539753437042,42
pde5,43,768,128,96,913295,1000,0.04953436877961115,,1458.28227186203,42
pde5,44,768,64,64,765263,1000,0.04734116638300084,,2559.0145626068115,42
pde5,45,512,32,128,375087,1000,0.05253083101301904,,1870.1301198005676,42
pde5,46,768,64,80,767311,1000,0.04875973947464056,,2172.7528154850006,42
pde5,47,128,64,112,155087,1000,0.046957635416582495,,640.9863939285278,42
pde6,0,128,32,16,108719,1000,0.0007618113938434091,,862.6563723087311,42
pde6,1,256,16,16,146335,1000,0.001487953889261987,,1096.1834471225739,42
pde6,2,128,128,96,256015,1000,0.0009206363542388553,,1055.5233099460602,42
pde6,3,512,128,48,539791,1000,0.001812045160590951,,1543.231420993805,42
pde6,4,768,32,32,705583,1000,0.001961776379524719,,1375.173851966858,42
pde6,5,128,16,112,97823,1000,0.0006972724616010101,,789.6867644786835,42
pde6,6,256,64,80,208719,1000,0.000709736019285847,,937.9088020324707,42
pde6,7,512,128,96,552079,1000,0.0012321167034775584,,1609.831151008606,42
pde6,8,768,16,96,682911,1000,0.0013157362850997993,,1953.5325305461884,42
pde6,9,128,128,16,235535,1000,0.0008037022576346847,,1029.0652012825012,42
pde6,10,128,128,32,239631,1000,0.0008602979521695789,,1045.1925637722015,42
pde6,11,768,128,48,901007,1000,0.001196722163929293,,1863.0426042079926,42
pde6,12,768,128,16,892815,1000,0.0014174674901950277,,2124.0667033195496,42
pde6,13,128,32,32,109743,1000,0.0010833278753277589,,787.9487688541412,42
pde6,14,768,128,112,917391,1000,0.0010873617108069584,,2182.3031368255615,42
pde6,15,256,128,112,326031,1000,0.0008342099766392968,,1155.4673302173615,42
pde6,16,512,128,80,547983,1000,0.0010013668064208147,,1626.160010099411,42
pde6,17,128,64,48,146895,1000,0.0014653671618417687,,788.2156059741974,42
pde6,18,256,128,48,309647,1000,0.000837641950631669,,1307.6368317604065,42
pde6,19,256,64,16,200527,1000,0.0017642445401844116,,975.6402053833008,42
pde6,20,128,16,16,94751,1000,0.0039478307949952305,,1762.8595447540283,42
pde6,21,512,32,112,374063,1000,0.0010119802140168173,,1270.8968567848206,42
pde6,22,256,16,80,148383,1000,0.0006863226312431838,,1109.5320422649384,42
pde6,23,768,16,128,683935,1000,0.0012363360249771514,,1683.0038759708405,42
pde6,24,768,32,96,709679,1000,0.000639808038195067,,1680.6696710586548,42
pde6,25,256,16,64,147871,1000,0.001353956183663156,,1030.7040538787842,42
pde6,26,256,32,96,167471,1000,0.0006017433027440793,,986.6732940673828,42
pde6,27,128,64,32,144847,1000,0.0014360429875838626,,833.3200042247772,42
pde6,28,128,64,112,155087,1000,0.0006627575397608728,,808.4583468437195,42
pde6,29,768,64,48,763215,1000,0.0014509962918977598,,2172.810091972351,42
pde6,30,512,16,16,347807,1000,0.0010453505206847135,,1271.1818017959595,42
pde6,31,768,64,64,765263,1000,0.0012914627015215914,,1690.6261940002441,42
pde6,32,128,32,96,113839,1000,0.0007536723425831238,,810.9506371021271,42
pde6,33,256,128,80,317839,1000,0.0013670014358042163,,1254.498920917511,42
pde6,34,128,128,80,251919,1000,0.0007174012486338438,,1098.0881032943726,42
pde6,35,256,32,16,162351,1000,0.001578714656551661,,774.0542557239532,42
pde6,36,128,32,48,110767,1000,0.001567630620479015,,737.1588189601898,42
pde6,37,512,64,32,416335,1000,0.0013422282042077106,,1306.8065268993378,42
pde6,38,512,128,128,560271,1000,0.0011681544196646251,,1844.9450335502625,42
pde6,39,256,64,112,212815,1000,0.0012888531396942884,,1009.7468738555908,42
pde6,40,512,64,128,428623,1000,0.0012747881466664618,,1331.6846415996552,42
pde6,41,768,32,128,711727,1000,0.001353586723339415,,1667.0975840091705,42
pde6,42,256,32,48,164399,1000,0.0012529422337003214,,1054.928851366043,42
pde6,43,512,64,80,422479,1000,0.00293997478772107,,1326.061902999878,42
pde6,44,256,16,48,147359,1000,0.001164893441430507,,867.6327831745148,42
pde6,45,128,16,80,96799,1000,0.000936048494225792,,831.18376994133,42
pde6,46,768,64,128,773455,1000,0.0012077661378909707,,2005.1449887752533,42
pde6,47,256,16,128,149919,1000,0.0009566510409484687,,871.0713222026825,42
pde7,0,768,64,64,765263,1000,0.015605984898088199,,1762.083732366562,42
pde7,1,768,128,96,913295,1000,0.014176441275087102,,1700.5940942764282,42
pde7,2,128,128,128,264207,1000,0.010282988546789702,,754.2439589500427,42
pde7,3,256,128,16,301455,1000,0.013552571782962076,,1024.8441858291626,42
pde7,4,512,128,48,539791,1000,0.012874725161868657,,1255.4485383033752,42
pde7,5,512,32,112,374063,1000,0.013223259635751255,,1078.6481320858002,42
pde7,6,768,32,128,711727,1000,0.011836845103772926,,1742.4454760551453,42
pde7,7,256,64,128,214863,1000,0.012547542042599724,,823.3229792118073,42
pde7,8,128,32,128,115887,1000,0.012654756851096245,,640.7625164985657,42
pde7,9,512,32,64,370991,1000,0.012712555410100353,,1074.540159702301,42
pde7,10,512,64,128,428623,1000,0.011279103769016035,,1047.8572087287903,42
pde7,11,768,16,112,683423,1000,0.0108896875047633,,1567.725652217865,42
pde7,12,128,16,16,94751,1000,0.012171996971133227,,838.8887975215912,42
pde7,13,768,64,32,761167,1000,0.015732980188345486,,1782.9907040596008,42
pde7,14,512,32,16,367919,1000,0.015974372815143252,,1299.3023929595947,42
pde7,15,256,32,112,168495,1000,0.015204463684514788,,714.5813617706299,42
pde7,16,128,16,80,96799,1000,0.006172673998334671,,656.1125309467316,42
pde7,17,768,128,80,909199,1000,0.008758115618963593,,1609.8900797367096,42
pde7,18,768,64,80,767311,1000,0.017873734661017757,,1532.532561302185,42
pde7,19,768,16,48,681375,1000,0.01470354835585617,,1983.8537175655365,42
pde7,20,256,16,112,149407,1000,0.004719673960184648,,614.9260423183441,42
pde7,21,512,128,32,535695,1000,0.014046844350736741,,1472.6110610961914,42
pde7,22,128,32,32,109743,1000,0.011275031909694129,,572.7142655849457,42
pde7,23,768,128,128,921487,1000,0.010758061668274027,,1565.726044178009,42
pde7,24,256,16,96,148895,1000,0.012542810156747939,,834.54705119133,42
pde7,25,128,64,48,146895,1000,0.010861463081963283,,652.8126242160797,42
pde7,26,256,32,80,166447,1000,0.006951846747681117,,706.072060585022,42
pde7,27,256,64,48,204623,1000,0.009257791534367473,,702.358240365982,42
pde7,28,128,32,16,108719,1000,0.013498582970025477,,566.398402929306,42
pde7,29,768,64,48,763215,1000,0.009671941343662076,,1544.133049249649,42
pde7,30,768,128,16,892815,1000,0.013805509778460517,,2307.3200080394745,42
pde7,31,512,128,80,547983,1000,0.013564258280129518,,1166.9010362625122,42
pde7,32,128,32,64,111791,1000,0.011261605845468139,,543.3481729030609,42
pde7,33,768,32,112,710703,1000,0.013914979932545892,,1720.4417841434479,42
pde7,34,128,64,32,144847,1000,0.010258771592620465,,601.1425185203552,42
pde7,35,768,32,16,704559,1000,0.023325115708969484,,2206.4141018390656,42
pde7,36,512,16,112,350879,1000,0.014812169726124653,,1345.4819376468658,42
pde7,37,512,16,128,351391,1000,0.008767066757041956,,1590.4085714817047,42
pde7,38,512,16,48,348831,1000,0.0186406743051605,,1435.9821088314056,42
pde7,39,512,32,128,375087,1000,0.011589570529624468,,1256.7966122627258,42
pde7,40,512,64,64,420431,1000,0.01395269520439734,,1227.7215933799744,42
pde7,41,512,64,96,424527,1000,0.008328647099442402,,964.9421896934509,42
pde7,42,256,32,32,163375,1000,0.0094898808520285,,756.1132926940918,42
pde7,43,512,128,64,543887,1000,0.00834055835952898,,1219.3132510185242,42
pde7,44,768,32,64,707631,1000,0.008327895788203015,,1655.4789779186249,42
pde7,45,128,128,112,260111,1000,0.008707576761648864,,781.707405090332,42
pde7,46,768,16,96,682911,1000,0.01815950537154064,,1985.2076513767242,42
pde7,47,256,128,64,313743,1000,0.010375893871623222,,868.331928730011,42
pde8,0,768,64,32,761167,1000,0.008577858534145466,0.008562244270689608,4791.753257513046,42
pde8,1,256,64,64,206671,1000,0.005705706246314809,0.005937747121688894,2588.8998715877533,42
pde8,2,256,16,128,149919,1000,0.01603823122165344,0.016547447076639635,2294.6602585315704,42
pde8,3,512,32,112,374063,1000,0.023485951271985026,0.024935429710833935,2814.86310839653,42
pde8,4,768,32,80,708655,1000,0.021592076622278616,0.022167279349251817,3752.202267885208,42
pde8,5,768,64,16,759119,1000,0.022834927923359644,0.024197751461598797,3931.649393796921,42
pde8,6,128,16,48,95775,1000,0.012454839318314034,0.012673263157570738,1884.0190870761871,42
pde8,7,512,128,128,560271,1000,0.006295635681407601,0.006508298520980183,3542.5830121040344,42
pde8,8,768,32,112,710703,1000,0.027723631223957598,0.028666807661010523,4237.727858066559,42
pde8,9,768,16,128,683935,1000,0.021653513339582806,0.022244051619561396,3734.148941040039,42
pde8,10,768,16,112,683423,1000,0.05067704830068936,0.051786355201982534,3534.9852409362793,42
pde8,11,768,32,32,705583,1000,0.031787057483726865,0.033136696442236054,4241.379236459732,42
pde8,12,256,128,80,317839,1000,0.006492543396655825,0.0067882508553120625,2923.36940574646,42
pde8,13,768,64,64,765263,1000,0.010680686932485629,0.011260051162469397,4142.175809383392,42
pde8,14,128,128,128,264207,1000,0.004243513281775819,0.00433824675015037,2708.508614063263,42
pde8,15,512,128,32,535695,1000,0.009165871626680021,0.009749784787187899,3168.1198225021362,42
pde8,16,512,64,16,414287,1000,0.007954788626920038,0.007688362551635785,3506.2015912532806,42
pde8,17,512,16,128,351391,1000,0.01074118172409113,0.011032481637658699,3141.2555270195007,42
pde8,18,768,16,96,682911,1000,0.012057308259226848,0.012115468874765079,4073.4812331199646,42
pde8,19,768,128,16,892815,1000,0.0422370171887373,0.04303355313422414,4090.6234986782074,42
pde8,20,256,32,128,169519,1000,0.007650402154885148,0.007903335751153958,2611.307785987854,42
pde8,21,256,128,16,301455,1000,0.024679542999526318,0.02576560786986768,2557.306298971176,42
pde8,22,256,64,48,204623,1000,0.009623671543400185,0.010313663207665209,2704.519938468933,42
pde8,23,512,32,80,372015,1000,0.034530654328341466,0.03583510618761739,2691.9357855319977,42
pde8,24,128,32,64,111791,1000,0.006313349066416069,0.006316640933361027,1991.3617420196533,42
pde8,25,128,16,80,96799,1000,0.010494968705584319,0.010751584874017877,1786.0303514003754,42
pde8,26,768,64,96,769359,1000,0.011611287705524151,0.012456052523569799,4841.418686389923,42
pde8,27,512,16,64,349343,1000,0.01627800938451932,0.01658563388587641,2902.713045835495,42
pde8,28,128,32,48,110767,1000,0.014588109041531386,0.015187638143616667,2189.000911474228,42
pde8,29,128,64,80,150991,1000,0.00248949544982073,0.0024292269188674028,2284.0968070030212,42
pde8,30,768,64,80,767311,1000,0.0322122845196752,0.03359706539869954,4334.434698820114,42
pde8,31,256,16,96,148895,1000,0.008780875929743666,0.009295723095977192,2451.9189167022705,42
pde8,32,128,32,112,114863,1000,0.0093162422673837,0.009592945456446348,1743.2528321743011,42
pde8,33,512,16,112,350879,1000,0.028579063160984436,0.028516203018284926,2545.637656211853,42
pde8,34,256,128,128,330127,1000,0.005440807520432704,0.005662844314567703,2842.970085144043,42
pde8,35,512,64,64,420431,1000,0.014066641260492311,0.014879567162863351,3006.8992404937744,42
pde8,36,768,128,48,901007,1000,0.017775827805654464,0.018873956098822194,4617.944253444672,42
pde8,37,768,16,80,682399,1000,0.015665506463893045,0.01598748986368205,4070.6866838932037,42
pde8,38,768,128,112,917391,1000,0.0040844470946296094,0.003946339330863875,4749.294185161591,42
pde8,39,256,32,112,168495,1000,0.005938394500018848,0.006043000579902536,2321.7821860313416,42
pde8,40,768,32,96,709679,1000,0.016811525320637965,0.01705759995979292,3520.099383354187,42
pde8,41,512,64,48,418383,1000,0.005821007364138602,0.006079538321288238,3310.3748083114624,42
pde8,42,512,16,96,350367,1000,0.011419443921977027,0.011502227811641232,2818.3872015476227,42
pde8,43,512,16,32,348319,1000,0.036871349687032935,0.03924176809125557,2881.627999305725,42
pde8,44,768,128,128,921487,1000,0.013221018890734498,0.014082857149279017,5009.216431379318,42
pde8,45,256,64,16,200527,1000,0.005239323908963357,0.005409965106819123,2850.8025810718536,42
pde8,46,128,16,128,98335,1000,0.00498223939172051,0.00486028119235751,2023.411655664444,42
pde8,47,256,128,112,326031,1000,0.0024715094595173437,0.002523796424726221,2965.406767129898,42
ch6_conv50,0,256,32,112,168495,1000,1.0901907926311136,1.038318413655416,1225.7437841892242,42
ch6_conv50,1,128,128,80,251919,1000,1.1119964882001285,1.049933106335908,1635.0108840465546,42
ch6_conv50,2,512,16,80,349855,1000,1.0123310316665963,0.9970860440526994,1562.0529010295868,42
ch6_conv50,3,256,64,112,212815,1000,1.29936575056369,1.1686265016137882,1523.6403164863586,42
ch6_conv50,4,512,128,64,543887,1000,0.06719233760533777,0.06519076441085002,2532.616867542267,42
ch6_conv50,5,768,32,64,707631,1000,1.7717926983789014,1.6220940959481478,2503.778112888336,42
ch6_conv50,6,768,128,48,901007,1000,0.02090364330249412,0.019763403668712234,2798.0921766757965,42
ch6_conv50,7,128,128,112,260111,1000,1.1324938054928753,1.0616409871334882,1615.4357633590698,42
ch6_conv50,8,512,128,96,552079,1000,0.04187094474121085,0.04095082635953024,2560.313812017441,42
ch6_conv50,9,256,32,64,165423,1000,1.0645849822893312,1.0245212167558773,1068.2708241939545,42
ch6_conv50,10,512,16,48,348831,1000,1.1291684673638593,1.059900612852935,1590.9463312625885,42
ch6_conv50,11,768,16,64,681887,1000,1.1246302229309966,1.0581593249912522,1347.42924284935,42
ch6_conv50,12,768,16,48,681375,1000,1.6405617568065325,1.4613655240737746,1887.9809942245483,42
ch6_conv50,13,128,32,112,114863,1000,1.0175069811643944,0.9995963836099699,960.8878991603851,42
ch6_conv50,14,768,64,128,773455,1000,0.34989573096481685,0.33738221259932094,2880.6347663402557,42
ch6_conv50,15,512,128,48,539791,1000,0.046146259649603436,0.04523872389931653,2417.940463066101,42
ch6_conv50,16,128,16,64,96287,1000,0.993381053726503,0.9803820189887894,850.6618573665619,42
ch6_conv50,17,512,32,48,369967,1000,1.4069411908683374,1.2487380977053435,1296.084963798523,42
ch6_conv50,18,256,16,32,146847,1000,1.0718651485430668,1.027961999870065,1009.9393961429596,42
ch6_conv50,19,256,64,16,200527,1000,0.013738138421672,0.011844989621959623,1426.9013545513153,42
ch6_conv50,20,128,32,96,113839,1000,1.3395185782819974,1.1977247862797045,790.5595977306366,42
ch6_conv50,21,768,128,32,896911,1000,0.16644176095597255,0.1623218048539663,3844.7673757076263,42
ch6_conv50,22,512,128,112,556175,1000,0.12336056056508725,0.12118786341285674,2487.5054535865784,42
ch6_conv50,23,128,64,80,150991,1000,1.7380960574674382,1.5766029112630389,1068.0813760757446,42
ch6_conv50,24,256,16,112,149407,1000,1.0369348479824516,1.0080570645278804,1033.2933323383331,42
ch6_conv50,25,128,128,32,239631,1000,1.5149277114299868,1.3416029251972403,1805.7148087024689,42
ch6_conv50,26,512,32,32,368943,1000,1.0223629757148924,1.00232986843413,1841.3048512935638,42
ch6_conv50,27,512,64,96,424527,1000,0.08342638182154245,0.08221017871102045,2406.5003349781036,42
ch6_conv50,28,512,64,48,418383,1000,1.000269805651587,0.9887457082374291,2001.6389331817627,42
ch6_conv50,29,768,128,64,905103,1000,0.11071538216466009,0.106458809202245,3854.383358001709,42
ch6_conv50,30,768,64,80,767311,1000,0.9934854959746864,0.9805188302446892,2323.488247871399,42
ch6_conv50,31,512,32,96,373039,1000,1.1220410978359423,1.0564258984139505,1352.9109966754913,42
ch6_conv50,32,768,128,112,917391,1000,0.049689635619944904,0.04851742520935093,3345.3919818401337,42
ch6_conv50,33,768,128,128,921487,1000,0.6338284357609775,0.5741805584978348,3944.9023253917694,42
ch6_conv50,34,256,16,16,146335,1000,1.1316795439094378,1.0619586382882569,845.9007747173309,42
ch6_conv50,35,512,128,32,535695,1000,1.5096475606556286,1.3346743118625926,2293.4957087039948,42
ch6_conv50,36,256,16,128,149919,1000,1.069545587858711,1.0259162802336206,925.4723482131958,42
ch6_conv50,37,768,16,128,683935,1000,1.1198887384353964,1.0554975870901326,1323.5977566242218,42
ch6_conv50,38,512,16,64,349343,1000,1.7079700756073406,1.536322060277379,1493.8433196544647,42
ch6_conv50,39,128,32,80,112815,1000,1.1127232041447959,1.0510774743582785,1055.9755442142487,42
ch6_conv50,40,768,32,80,708655,1000,1.0772188428626988,1.031429004575366,1827.433528661728,42
ch6_conv50,41,768,32,128,711727,1000,1.0209715504415824,0.9979562272622508,1832.4978168010712,42
ch6_conv50,42,256,64,32,202575,1000,0.021642327759132777,0.020091084471145593,1807.6661880016327,42
ch6_conv50,43,128,16,16,94751,1000,1.4740364499520495,1.3031313093211463,709.3005483150482,42
ch6_conv50,44,256,128,48,309647,1000,0.058012471771169756,0.05714757303561141,2322.306499004364,42
ch6_conv50,45,128,64,16,142799,1000,1.3960185250573482,1.240295872331923,724.3041577339172,42
ch6_conv50,46,256,128,80,317839,1000,0.053637448776694796,0.052364969106605125,1982.763324022293,42
ch6_conv50,47,128,64,96,153039,1000,1.0374291454969415,1.0027843369180782,1193.3858652114868,42
ch6_conv100,0,512,32,96,373039,1000,1.159797520580588,1.0774899753948077,1312.404895067215,42
ch6_conv100,1,128,32,128,115887,1000,0.9961162838613001,0.986979287846347,808.6165890693665,42
ch6_conv100,2,512,128,64,543887,1000,1.169136119737423,1.0837324001997342,1762.171416759491,42
ch6_conv100,3,128,128,112,260111,1000,1.149002957210679,1.0712443348962963,1214.771152496338,42
ch6_conv100,4,256,64,96,210767,1000,1.1623103726251545,1.0790203945498311,1024.4237339496613,42
ch6_conv100,5,768,128,80,909199,1000,1.160109581597597,1.0783037277759047,2489.7820661067963,42
ch6_conv100,6,128,64,64,148943,1000,1.0737659307021257,1.028129246463096,1055.2252840995789,42
ch6_conv100,7,768,32,80,708655,1000,1.179040590782562,1.0896076047884413,1465.8181886672974,42
ch6_conv100,8,768,128,48,901007,1000,1.1237993880414128,1.056101010587539,2380.2740790843964,42
ch6_conv100,9,512,64,48,418383,1000,1.2271580270594848,1.1196608278440892,1382.3299481868744,42
ch6_conv100,10,128,128,32,239631,1000,1.1745940198359657,1.0855487465028408,1193.4064252376556,42
ch6_conv100,11,256,16,80,148383,1000,1.2401075475573757,1.129531902128874,1116.9074487686157,42
ch6_conv100,12,128,32,64,111791,1000,1.1929114919819803,1.0996641532197715,926.0732312202454,42
ch6_conv100,13,768,32,32,705583,1000,1.305861297786776,1.1738470473726512,1563.2087352275848,42
ch6_conv100,14,256,32,80,166447,1000,1.051755631484117,1.0178987430765853,957.5684823989868,42
ch6_conv100,15,512,32,128,375087,1000,1.0321070354747486,1.005920198060397,1353.5365023612976,42
ch6_conv100,16,768,128,128,921487,1000,1.1808665889554566,1.0898044096162016,2523.960579395294,42
ch6_conv100,17,128,16,96,97311,1000,1.2584137700059879,1.141944238244561,816.7790172100067,42
ch6_conv100,18,128,64,112,155087,1000,1.0957848392901786,1.0399576902441348,1010.3193924427032,42
ch6_conv100,19,256,16,32,146847,1000,1.035320058480891,1.0094053162228784,1119.855230331421,42
ch6_conv100,20,256,128,64,313743,1000,1.1716994867184178,1.084590872701309,1342.5648112297058,42
ch6_conv100,21,256,128,32,305551,1000,1.1266590147011395,1.0589533667129154,1544.3319833278656,42
ch6_conv100,22,512,16,64,349343,1000,1.0679365807315766,1.0266616225398613,1284.3869981765747,42
ch6_conv100,23,128,128,128,264207,1000,1.1616530062156403,1.078629907537333,1222.7843480110168,42
ch6_conv100,24,128,16,112,97823,1000,0.986017565369275,0.9767297018678491,965.7322256565094,42
ch6_conv100,25,768,32,64,707631,1000,1.1582322679851385,1.0765295253196996,1865.341471195221,42
ch6_conv100,26,512,32,80,372015,1000,1.1870609536915626,1.0944213692676532,1336.301596403122,42
ch6_conv100,27,256,64,32,202575,1000,1.2815111025443586,1.1565071312029536,1093.8922922611237,42
ch6_conv100,28,512,16,16,347807,1000,1.1118588932472706,1.0498497740567654,1222.2353479862213,42
ch6_conv100,29,256,128,96,321935,1000,1.1406725272841614,1.066683410187092,1233.2348172664642,42
ch6_conv100,30,512,64,80,422479,1000,1.1261105601707055,1.0585926866230213,1336.9183974266052,42
ch6_conv100,31,512,64,16,414287,1000,1.3289781853234832,1.1896535120620464,1431.8570046424866,42
ch6_conv100,32,768,32,128,711727,1000,1.210683617539177,1.1099250768833129,1358.0788986682892,42
ch6_conv100,33,768,16,112,683423,1000,1.1359679884736988,1.0644295728872295,1556.7654135227203,42
ch6_conv100,34,256,64,48,204623,1000,1.229050879911037,1.1217709406235643,1136.7859749794006,42
ch6_conv100,35,128,32,96,113839,1000,1.0214682203174859,1.0012164614795158,1034.8472340106964,42
ch6_conv100,36,128,64,48,146895,1000,1.1298629848595743,1.059720709747371,1042.5233001708984,42
ch6_conv100,37,128,64,80,150991,1000,1.138172472787364,1.0657350895659754,1088.7543239593506,42
ch6_conv100,38,768,64,48,763215,1000,1.2091873744611135,1.108731111528542,2131.8150928020477,42
ch6_conv100,39,128,32,16,108719,1000,1.2835129220551456,1.1579817759000361,946.4689700603485,42
ch6_conv100,40,512,128,32,535695,1000,1.1821184684654416,1.092270560410562,1730.6450593471527,42
ch6_conv100,41,768,32,48,706607,1000,1.2237329162138237,1.1175132991216994,1820.2934725284576,42
ch6_conv100,42,512,16,128,351391,1000,1.1549341346642947,1.076111739773502,1177.9975814819336,42
ch6_conv100,43,512,128,96,552079,1000,1.2627076028472823,1.143377583147586,1794.7381114959717,42
ch6_conv100,44,256,64,128,214863,1000,1.141120663752761,1.0664209330580487,1176.1972699165344,42
ch6_conv100,45,128,64,128,157135,1000,1.0335891822498708,1.006318409864161,992.5822579860687,42
ch6_conv100,46,768,64,64,765263,1000,1.045292418589588,1.0118180132400063,2094.7151367664337,42
ch6_conv100,47,128,16,80,96799,1000,1.2642056803919202,1.1448516576935965,955.6036949157715,42
ch6_react6,0,512,128,128,560271,1000,0.022528420445878664,0.008372650787315151,422.7069010734558,42
ch6_react6,1,256,16,32,146847,1000,0.9968838551629752,0.9934861855015502,442.2573211193085,42
ch6_react6,2,768,128,16,892815,1000,0.03730951539324635,0.015821505002241984,752.8636705875397,42
ch6_react6,3,768,64,80,767311,1000,0.03442020800082933,0.013110050294782016,582.2478454113007,42
ch6_react6,4,512,16,32,348319,1000,0.996699058168496,0.993301590406473,966.4156413078308,42
ch6_react6,5,256,16,96,148895,1000,0.023406339829677093,0.008164686709150727,303.98682045936584,42
ch6_react6,6,128,64,16,142799,1000,0.033280063877488206,0.013905792618305626,302.47050976753235,42
ch6_react6,7,128,32,48,110767,1000,0.029574181605175068,0.010014646036411425,263.1859610080719,42
ch6_react6,8,256,16,16,146335,1000,0.9969546074384056,0.9935742692723245,584.1734538078308,42
ch6_react6,9,768,64,48,763215,1000,0.03444194293619297,0.012054309231566616,663.6465892791748,42
ch6_react6,10,512,32,112,374063,1000,0.03144528477244308,0.011395869793660899,365.7286968231201,42
ch6_react6,11,256,128,96,321935,1000,0.02620399581237044,0.010071834466875984,316.00825333595276,42
ch6_react6,12,512,32,16,367919,1000,0.026570372298191796,0.011782922742121393,454.87475538253784,42
ch6_react6,13,768,32,16,704559,1000,0.030182023504733087,0.012872848818734904,713.6119089126587,42
ch6_react6,14,128,32,112,114863,1000,0.01936288057190567,0.006641952894028085,267.3026554584503,42
ch6_react6,15,768,128,112,917391,1000,0.030393350922312178,0.011200309380639446,544.602059841156,42
ch6_react6,16,768,16,32,680863,1000,0.04531210700273161,0.017919792965525184,1153.355361700058,42
ch6_react6,17,512,128,32,535695,1000,0.026194770486730877,0.011151948559350684,487.485990524292,42
ch6_react6,18,256,128,16,301455,1000,0.029509256130217643,0.011122111703760085,520.9537487030029,42
ch6_react6,19,512,128,48,539791,1000,0.02361623831907848,0.009722982809474293,433.86621022224426,42
ch6_react6,20,768,128,64,905103,1000,0.023913481204578788,0.00862222138500751,551.0411927700043,42
ch6_react6,21,512,64,48,418383,1000,0.025300818225997366,0.010751072913976343,436.22521686553955,42
ch6_react6,22,512,64,32,416335,1000,0.03186725806647243,0.01398306490077774,554.036767244339,42
ch6_react6,23,256,16,64,147871,1000,0.9967682851584942,0.9932837297700151,555.5852539539337,42
ch6_react6,24,768,32,112,710703,1000,0.026043323772456953,0.010244606692223697,977.037291765213,42
ch6_react6,25,128,64,32,144847,1000,0.018137036564640854,0.007636335025118908,294.96020221710205,42
ch6_react6,26,512,64,64,420431,1000,0.027200222108137277,0.011161576850947924,439.43516063690186,42
ch6_react6,27,128,16,64,96287,1000,0.021293177545667244,0.008313544145246954,358.31208896636963,42
ch6_react6,28,128,64,112,155087,1000,0.020061174660881104,0.007190561306216349,323.0548028945923,42
ch6_react6,29,256,64,80,208719,1000,0.027225088207997343,0.010532105723295207,364.08107686042786,42
ch6_react6,30,768,128,32,896911,1000,0.026090786597744425,0.009903726373714283,530.6678230762482,42
ch6_react6,31,128,128,112,260111,1000,0.020070822534601553,0.008189370426696279,334.4607162475586,42
ch6_react6,32,128,32,128,115887,1000,0.015359267747959001,0.005754699058130159,325.700217962265,42
ch6_react6,33,256,32,128,169519,1000,0.012628569132266966,0.0052069352234676985,349.2752242088318,42
ch6_react6,34,256,16,128,149919,1000,0.022133286718514302,0.008406292670178506,351.5666286945343,42
ch6_react6,35,128,16,48,95775,1000,0.02407080785885794,0.007783433934739772,262.5860171318054,42
ch6_react6,36,768,16,64,681887,1000,0.9960387259385148,0.9921322951574185,957.9145321846008,42
ch6_react6,37,768,64,112,771407,1000,0.027386026188131036,0.01045666388633013,488.74906635284424,42
ch6_react6,38,128,32,16,108719,1000,0.02123563848892249,0.00866389746071687,395.02735567092896,42
ch6_react6,39,256,64,112,212815,1000,0.02476131228274209,0.009077715338500728,304.2465169429779,42
ch6_react6,40,768,32,64,707631,1000,0.07293224265584243,0.028582892848216142,819.3346636295319,42
ch6_react6,41,256,128,32,305551,1000,0.02044082123653918,0.006318423400585677,321.19808745384216,42
ch6_react6,42,128,128,96,256015,1000,0.014338311056669441,0.00591313388890973,315.52501678466797,42
ch6_react6,43,768,128,48,901007,1000,0.0330360137985867,0.012518263679281503,625.4690880775452,42
ch6_react6,44,768,32,32,705583,1000,0.034835391225438564,0.014230780453854628,684.0751266479492,42
ch6_react6,45,128,64,96,153039,1000,0.02029161041690342,0.0077679071541855915,279.20979022979736,42
ch6_react6,46,128,64,80,150991,1000,0.0191060986569018,0.0064850821640426125,265.9203028678894,42
ch6_react6,47,768,32,80,708655,1000,0.037389000485255,0.014452634847008329,869.9838380813599,42
ch6_wave44,0,512,32,48,369967,1000,0.15115709763904472,0.1402402266705487,5708.871301651001,42
ch6_wave44,1,128,128,96,256015,1000,0.007447012161594147,0.007117623598210979,4338.304562807083,42
ch6_wave44,2,256,128,96,321935,1000,0.012426204340627743,0.011734123821582832,4625.033993244171,42
ch6_wave44,3,128,32,80,112815,1000,0.02149884045689894,0.020686485074407162,3313.180743455887,42
ch6_wave44,4,768,64,32,761167,1000,0.023459357154602085,0.021704459326182243,6837.428181171417,42
ch6_wave44,5,256,16,96,148895,1000,0.05836150988372423,0.05374439654359787,4075.3495161533356,42
ch6_wave44,6,128,64,32,144847,1000,0.014204840678016344,0.013731510093765893,3519.151662349701,42
ch6_wave44,7,256,128,64,313743,1000,0.018604385471377122,0.017708090259309063,4842.679750919342,42
ch6_wave44,8,768,128,80,909199,1000,0.018830354709088764,0.01720108443824252,8000.337960243225,42
ch6_wave44,9,256,64,64,206671,1000,0.02230533324560507,0.02173714932885995,4574.563983440399,42
ch6_wave44,10,128,64,48,146895,1000,0.022629899163913923,0.021642486132594833,3449.4177780151367,42
ch6_wave44,11,512,16,80,349855,1000,0.16186025445741598,0.1498085669394155,5602.336595773697,42
ch6_wave44,12,512,128,112,556175,1000,0.011338447238364366,0.011050487379457833,5879.686557769775,42
ch6_wave44,13,256,32,32,163375,1000,0.035096604383079495,0.03231676710637716,3914.3681485652924,42
ch6_wave44,14,256,32,64,165423,1000,0.03546871822067348,0.03391494475720265,3542.320775985718,42
ch6_wave44,15,256,32,128,169519,1000,0.02474336795008222,0.023180669435146913,3945.7867488861084,42
ch6_wave44,16,768,128,16,892815,1000,0.018052621275378482,0.017240601381617916,7244.372211694717,42
ch6_wave44,17,768,64,80,767311,1000,0.02069505327602145,0.019505423817674606,7010.5669322013855,42
ch6_wave44,18,128,128,32,239631,1000,0.015348220601066446,0.014797335966603578,4482.806979179382,42
ch6_wave44,19,512,128,96,552079,1000,0.018950248098484578,0.01848254799872479,5197.502811908722,42
ch6_wave44,20,768,16,64,681887,1000,0.16721273649468096,0.154306406866904,7486.974175691605,42
ch6_wave44,21,512,64,96,424527,1000,0.021211783170905763,0.020613474339666548,5675.262403726578,42
ch6_wave44,22,128,32,48,110767,1000,0.05728771954813276,0.055087425286503934,3617.5087831020355,42
ch6_wave44,23,256,64,80,208719,1000,0.013763423872821406,0.013279682416040531,4057.120766401291,42
ch6_wave44,24,512,32,80,372015,1000,0.03042744614633253,0.02903245444154833,4600.052268028259,42
ch6_wave44,25,128,32,128,115887,1000,0.020538954522969947,0.020317335084994354,3062.6330099105835,42
ch6_wave44,26,512,16,64,349343,1000,0.05776496752956298,0.05278115378968856,5411.699344396591,42
ch6_wave44,27,512,32,32,368943,1000,0.04132824209463186,0.03839397243647307,5762.519433021545,42
ch6_wave44,28,512,32,128,375087,1000,0.021147610531806308,0.020035095429048706,4706.174966573715,42
ch6_wave44,29,128,32,16,108719,1000,0.04545387109415552,0.04209718836408128,3100.0290360450745,42
ch6_wave44,30,768,64,96,769359,1000,0.022082419046863692,0.021083782154309547,5647.905449390411,42
ch6_wave44,31,128,16,112,97823,1000,0.11392392429371968,0.1067382734624538,3497.9839282035828,42
ch6_wave44,32,256,16,64,147871,1000,0.10284789871531028,0.0946065655945783,4182.335314512253,42
ch6_wave44,33,512,128,32,535695,1000,0.02517333493658742,0.023153620595187614,5688.817781448364,42
ch6_wave44,34,512,64,112,426575,1000,0.023975768925815766,0.022561285896297266,5177.287564277649,42
ch6_wave44,35,128,16,48,95775,1000,0.31999166831688475,0.2999793884302402,3520.550765275955,42
ch6_wave44,36,128,32,64,111791,1000,0.03393739716170838,0.032012715379244626,3647.4795813560486,42
ch6_wave44,37,128,128,128,264207,1000,0.007885412508500368,0.007389514209359614,4432.7549839019775,42
ch6_wave44,38,128,16,96,97311,1000,0.07799370917720672,0.07159924091915187,3467.4590458869934,42
ch6_wave44,39,768,32,80,708655,1000,0.029298671304292374,0.02790427050245256,7012.46372127533,42
ch6_wave44,40,512,32,16,367919,1000,0.21499525897830407,0.20078651889800847,5599.348205566406,42
ch6_wave44,41,768,64,48,763215,1000,0.021405747131554166,0.020500567794874473,7669.68518614769,42
ch6_wave44,42,512,32,112,374063,1000,0.023035950899844386,0.022074997892340246,5202.747420310974,42
ch6_wave44,43,256,128,112,326031,1000,0.00843148031038214,0.0077877202753699635,4677.012494564056,42
ch6_wave44,44,128,128,64,247823,1000,0.017988160325313127,0.017106011250701644,4238.487493991852,42
ch6_wave44,45,128,64,80,150991,1000,0.03160311724654016,0.03034480057183373,3663.8808209896088,42
ch6_wave44,46,128,128,112,260111,1000,0.016058054743232884,0.015358038012922648,4248.921271800995,42
ch6_wave44,47,768,16,128,683935,1000,0.05111913204674683,0.04772445536556789,7328.387019872665,42
ch6_helm3_la500,0,512,128,96,552079,1000,0.020767642571427533,0.02073163562822488,4452.520897388458,42
ch6_helm3_la500,1,256,16,48,147359,1000,0.22442442793328227,0.22296842176495332,2036.4468698501587,42
ch6_helm3_la500,2,512,32,48,369967,1000,0.2502088414570933,0.2518004203761632,2828.4115715026855,42
ch6_helm3_la500,3,256,16,112,149407,1000,0.12470758500173157,0.12627794538397358,2394.564080476761,42
ch6_helm3_la500,4,512,16,16,347807,1000,0.2589326806200564,0.2592098712501868,3499.694968223572,42
ch6_helm3_la500,5,512,64,32,416335,1000,0.0956205256757985,0.09576684846019663,3069.843651533127,42
ch6_helm3_la500,6,128,16,64,96287,1000,0.18521987430335918,0.1876392240371994,2306.778383731842,42
ch6_helm3_la500,7,256,128,32,305551,1000,0.024404766877595723,0.023958030592820444,3840.885274887085,42
ch6_helm3_la500,8,256,16,32,146847,1000,0.3250295101519268,0.32335458285835167,2573.4083018302917,42
ch6_helm3_la500,9,768,32,80,708655,1000,0.10823350267599012,0.11099050353833588,4091.5448381900787,42
ch6_helm3_la500,10,512,64,96,424527,1000,0.059484614763156515,0.06047792856204732,3304.139233350754,42
ch6_helm3_la500,11,512,64,80,422479,1000,0.04690089215294561,0.04747962443751987,3828.339507341385,42
ch6_helm3_la500,12,256,32,96,167471,1000,0.05004881171376302,0.05060134235377458,2491.672214269638,42
ch6_helm3_la500,13,256,128,48,309647,1000,0.031094653076671034,0.03210003757476284,3340.4535598754883,42
ch6_helm3_la500,14,128,128,80,251919,1000,0.016447462055660302,0.01618315514877259,2949.374758720398,42
ch6_helm3_la500,15,512,32,16,367919,1000,0.23511539593470548,0.2328310253268982,3002.345900774002,42
ch6_helm3_la500,16,256,32,32,163375,1000,0.08441793643312,0.08544252165859852,2574.6010003089905,42
ch6_helm3_la500,17,768,64,96,769359,1000,0.0916830961990961,0.0934347691567222,4295.127722501755,42
ch6_helm3_la500,18,128,32,64,111791,1000,0.21569273875293415,0.22019475270032823,2183.8498854637146,42
ch6_helm3_la500,19,512,64,48,418383,1000,0.20645489819678053,0.2040012640008312,2783.9349133968353,42
ch6_helm3_la500,20,768,32,32,705583,1000,0.23088344021909543,0.22964435337133995,4086.813174009323,42
ch6_helm3_la500,21,128,16,32,95263,1000,0.20435305684471053,0.2072686479527378,2126.2376232147217,42
ch6_helm3_la500,22,128,32,80,112815,1000,0.05778440490089133,0.05729881966626177,2405.880905151367,42
ch6_helm3_la500,23,128,64,128,157135,1000,0.008610321127571771,0.008340645295481557,2715.6219639778137,42
ch6_helm3_la500,24,256,32,128,169519,1000,0.05189523933454014,0.0522799767846136,2643.6330258846283,42
ch6_helm3_la500,25,768,16,112,683423,1000,0.42611482131905337,0.4214424574047279,3889.057407140732,42
ch6_helm3_la500,26,256,64,16,200527,1000,0.06544916981103019,0.06603953087294322,2259.5154683589935,42
ch6_helm3_la500,27,768,64,48,763215,1000,0.18822476801464344,0.19205349772946503,4494.462834358215,42
ch6_helm3_la500,28,512,32,96,373039,1000,0.05885937072759439,0.059824284669045255,3356.397521018982,42
ch6_helm3_la500,29,768,128,48,901007,1000,0.04367963606114529,0.044076593621345424,5346.043052196503,42
ch6_helm3_la500,30,128,16,128,98335,1000,0.1889404200712786,0.19331938289345021,2039.8625288009644,42
ch6_helm3_la500,31,768,64,16,759119,1000,0.16294190315104504,0.16231784583046413,4308.00434756279,42
ch6_helm3_la500,32,256,64,96,210767,1000,0.04795072555883559,0.04807405805152129,2656.56622838974,42
ch6_helm3_la500,33,128,128,128,264207,1000,0.00886286499737314,0.008707505931257872,2939.2827956676483,42
ch6_helm3_la500,34,256,64,32,202575,1000,0.070379881377312,0.07151919971719799,2761.725380420685,42
ch6_helm3_la500,35,512,128,80,547983,1000,0.04233022410147307,0.042977582576063975,4357.131816625595,42
ch6_helm3_la500,36,128,32,96,113839,1000,0.062040554546335835,0.06367971176118119,1974.181646823883,42
ch6_helm3_la500,37,512,128,128,560271,1000,0.04238686628198129,0.0428154637071079,3591.0942838191986,42
ch6_helm3_la500,38,128,32,128,115887,1000,0.038204706175373866,0.03954386543546728,2073.6645300388336,42
ch6_helm3_la500,39,512,16,48,348831,1000,0.37857624697097014,0.3810225349515549,3323.095207929611,42
ch6_helm3_la500,40,512,64,16,414287,1000,0.42443417049470794,0.4305353348404766,3012.2772438526154,42
ch6_helm3_la500,41,128,128,96,256015,1000,0.016862606856546968,0.01715574742147749,2822.468914270401,42
ch6_helm3_la500,42,256,32,48,164399,1000,0.09626400476120697,0.09769917346919119,2351.6983473300934,42
ch6_helm3_la500,43,768,16,128,683935,1000,0.29579109849148477,0.297583357492729,3994.6465747356415,42
ch6_helm3_la500,44,768,32,128,711727,1000,0.0859912665387585,0.08766288366154285,4553.213944911957,42
ch6_helm3_la500,45,256,64,128,214863,1000,0.025707672794276926,0.02578757517580587,2596.439422607422,42
ch6_helm3_la500,46,128,64,16,142799,1000,0.12644466256546083,0.12770511599879542,2337.765815258026,42
ch6_helm3_la500,47,768,32,96,709679,1000,0.1317230806213533,0.13290231729281282,4671.8130650520325,42
ns2d,0,768,64,64,766096,1000,0.02821359918834693,0.03061199385414518,2626.0437426567078,42
ns2d,1,256,128,16,301840,1000,0.06220480928771304,0.06663558409291834,2415.2691617012024,42
ns2d,2,768,32,96,710480,1000,0.01881106602729903,0.018878406993292147,3013.480701446533,42
ns2d,3,256,16,48,147632,1000,0.020561587410249875,0.022037932098662203,2635.6808385849,42
ns2d,4,768,16,64,682672,1000,0.03321343405719187,0.037540078110804155,4198.033040523529,42
ns2d,5,512,128,64,544528,1000,0.03360088986773876,0.03437535287339958,2259.746649980545,42
ns2d,6,128,128,64,248080,1000,0.04106447133510213,0.04276162381314568,1398.8683161735535,42
ns2d,7,512,16,64,349872,1000,0.024136514861669654,0.02640618966338473,3663.6793324947357,42
ns2d,8,512,32,80,372560,1000,0.025943841646139526,0.024514050424823512,2482.4059178829193,42
ns2d,9,768,64,16,759952,1000,0.02702664289227161,0.02690805793398853,3218.893936395645,42
ns2d,10,768,128,80,910096,1000,0.043669395589517795,0.04585608515507469,2358.0686523914337,42
ns2d,11,512,64,80,423056,1000,0.0486662880138057,0.0509274471568054,1856.762152671814,42
ns2d,12,256,16,112,149680,1000,0.030689454302496654,0.03079538023732491,3070.231165409088,42
ns2d,13,128,16,16,94896,1000,0.017920052279898593,0.01562913530724003,2192.111481189728,42
ns2d,14,768,128,16,893712,1000,0.03530792656115115,0.04081981716198653,2821.440703392029,42
ns2d,15,256,64,64,206992,1000,0.0736818643688559,0.07616657524148694,1883.3061616420746,42
ns2d,16,128,64,96,153232,1000,0.032087913721777196,0.03462872172693779,1296.4250304698944,42
ns2d,17,768,128,128,922384,1000,0.05756924924256079,0.0653746800719657,2622.035115480423,42
ns2d,18,256,16,80,148656,1000,0.01946998978610376,0.020092504608231858,2549.0150101184845,42
ns2d,19,512,32,64,371536,1000,0.026254791242897046,0.0284312928856724,2603.33788561821,42
ns2d,20,512,128,32,536336,1000,0.04423746314250714,0.04853322506061475,2839.2227160930634,42
ns2d,21,768,128,96,914192,1000,0.06474805348948737,0.06887514137040208,2129.1126158237457,42
ns2d,22,256,16,16,146608,1000,0.021160250834545043,0.020984226254845622,3020.0327961444855,42
ns2d,23,256,64,16,200848,1000,0.05493122965843607,0.05601835843559107,2815.266937017441,42
ns2d,24,512,16,80,350384,1000,0.02064287421475176,0.021953052751388893,3039.0186812877655,42
ns2d,25,128,32,96,114000,1000,0.018458098370171053,0.019168053922198024,1620.22523188591,42
ns2d,26,512,128,96,552720,1000,0.05238526908056579,0.057531873230623566,2158.84056019783,42
ns2d,27,768,32,80,709456,1000,0.01816512586289618,0.018036672754124967,3139.049374103546,42
ns2d,28,128,64,80,151184,1000,0.016796354095712222,0.016846391431688788,1289.6758708953857,42
ns2d,29,256,32,112,168784,1000,0.030283265153885526,0.029790829519893872,2080.356032371521,42
ns2d,30,512,16,32,348848,1000,0.01860479850292674,0.018490246478265197,3514.2164919376373,42
ns2d,31,768,128,112,918288,1000,0.04757222152359117,0.05173556169990314,2665.1421768665314,42
ns2d,32,256,32,96,167760,1000,0.020879885782832855,0.02036272868088186,1778.1994843482971,42
ns2d,33,256,128,64,314128,1000,0.05959667676758768,0.06534522667371735,2146.9313282966614,42
ns2d,34,768,64,80,768144,1000,0.033318344605892294,0.0321126554017362,2827.621994495392,42
ns2d,35,768,64,32,762000,1000,0.02396530232537602,0.024591062957748995,3017.3645153045654,42
ns2d,36,512,16,48,349360,1000,0.03183777376014049,0.031219795620740166,3279.5010566711426,42
ns2d,37,128,32,112,115024,1000,0.026556853728979566,0.028833890046273684,1976.6756999492645,42
ns2d,38,256,64,128,215184,1000,0.030144858254058073,0.029778313076817043,1582.495124578476,42
ns2d,39,768,16,32,681648,1000,0.016786411101131896,0.01656577977671318,3530.0315113067627,42
ns2d,40,512,64,64,421008,1000,0.05232346808402991,0.057190680493112836,2462.086724281311,42
ns2d,41,256,64,32,202896,1000,0.031086295542722745,0.031627659966627183,1894.9955787658691,42
ns2d,42,768,16,96,683696,1000,0.02282919394542648,0.02478544005088032,4847.473115444183,42
ns2d,43,768,32,32,706384,1000,0.042427210613574864,0.04749314862764663,3573.45059967041,42
ns2d,44,768,32,16,705360,1000,0.02033271996771655,0.021082781395264483,2811.1838824748993,42
ns2d,45,256,16,64,148144,1000,0.019189325652965668,0.020396611130423476,2787.1864562034607,42
ns2d,46,128,32,48,110928,1000,0.020821079789078597,0.02214128770387555,1651.79394698143,42
ns2d,47,128,64,64,149136,1000,0.04187492190039999,0.0456779231343034,1693.749074459076,42
